,stores,ramens,reviews
0,店家:ラーメン七面鳥/鮭の大助,拉麵名稱價格:極濃雞豚老闆拚老命特製極限加濃版/奶油螃蟹濃湯拉麵加濃版/極濃鮭白湯繁盛加濃版全都粗麵,配置中午加白飯兩顆蛋一份叉燒晚上加一碗飯我的原則很簡單就是能熬多濃就熬多濃這次的極濃雞豚是前幾天跟老闆聊天後臨時決定要做的極濃版本但由於我的個性不見棺材不掉淚直接叫老闆給我繼續加濃湯一入口後襪靠真的有一種在吃大岩亭的感覺可惜的是跟大岩亭的濃度還是有一個等級的差距詳細可看影片部分大岩亭的部分為本人2018年時去名古屋吃的不過還是有夠濃在台灣應該沒有第二碗這種濃度的拉麵了真的是一入口就在強姦你的嘴巴讓你感受到甚麼叫做老闆的濃醇香完全直球勝負沒有543的就是骨頭油脂湯泥巴的感覺除了濃還是濃看到老闆杵著老腰走出來看到他這幾天熬湯熬...
1,店家:山越拉麵總店,拉麵名稱價格:塩味豚骨拉麵（大盛）190,配置湯鹹度重、麵超硬昨天有問老闆今天有沒有限定，老闆說今天調整菜單所以就來吃了，下午就知道菜單，擔擔麵常駐真的很讚，晚上選擇又更多了，感謝老闆！大盛+50多了炙燒叉燒、溏心蛋、海苔，我覺得是很超值的選擇，山越那個炙燒叉燒真的很棒由於調整醬底跟塩醬，湯頭豚骨更濃郁外，底蘊蔬菜甜味稍微多了一些，整體上層次多了不少不過是讓人很舒服的湯頭，蔬菜甜味是山越的一大特色！叉燒部分炙燒叉燒跟梅花叉燒都很棒，特愛炙燒叉燒那個五花肉真的讓人又愛又恨，香氣及口感都很棒，梅花叉燒口感很嫩，讓人不知不覺就吃完最後感謝闆娘擠了兩碗麵出來，到的時候很尷...
2,店家:黑潮拉麵,拉麵名稱價格:黑蒜拉麵200元+麵20元,配置湯濃中捲麵偏硬後續加麵細麵最硬加點:炸雞軟骨80元在西部待了10年因為受訓所以回花蓮老家半年，突然癮頭上來精神萎靡不振、兩眼空洞、很想吃拉麵(?????????)反而不熟悉花蓮拉麵店的我昨晚朋友推薦了這家今天跑去吃了這次點黑蒜拉麵濃味中捲麵偏硬（該麵種最硬）湯:濃比較偏重於鹹味居多濃度就比較沒有以往吃的還濃厚但調味可接受麵:中捲麵偏硬以我的標準有點太軟後續家麵選擇細麵最硬。硬度尚可叉燒:調味很不錯厚度也是給的很ok口感有彈性不柴價格上跟以往自己吃過的條件來比稍微偏高但是還在接受範圍畢竟花蓮的飲食真的價格不低個人評分如下...
3,店家:麦ｘ鶏,拉麵名稱價格:麦×雲丹￥1300,配置舒肥雞胸2塊、炸蓮藕片、水菜、辣椒絲、蔥絲、南瓜、筍乾也是間存很久終於有空去吃的店，第一次就直接跳過基本款雞白湯，直上海膽版了!今天手機有點狀況、拍照一直拍不好，又不想花太多時間拍照想趕快開動，以下內容照片可能沒拍到但貨真價實。首先，讓我驚豔的是他的炸蓮藕，切片切的極細，已經接近紙片大小，刀工了得；南瓜跟筍乾都切成塊狀，南瓜口感跟調味都非常好，讓我想起萬聖節那幾天其實這家有出南瓜口味的萬聖節限定，但梅空+想避開萬聖節人潮沒吃到整個sad，他們家IG有那碗的圖大家可以去看看；再來就是舒肥雞胸，沒什麼稀奇，大家都這樣處理，...
4,店家:麵處小林,拉麵名稱價格:叉燒拌麵/NT.170,配置預設出差來到高雄，工作忙完後也下起了大雨，就近找了麵處小林來踩點。店內是居酒屋樣式的日式裝潢，座位數很多，午餐時間不少攜家帶眷的來吃麵，使用點餐機點餐。叉燒拌麵Z配置叉燒*4、海苔、糖心蛋*1/2。一上來就先聞到叉燒的香氣，炙燒的相當不錯，香氣有帶出來，表皮也略帶酥脆，口感上油脂較多，軟嫩滑順。拌麵的鹹度很夠，撒上青蔥和肉末，有一點肉燥麵的既視感，但醬汁又有所不同，挺不錯的。麵條就中規中矩，有確實包覆好香氣。糖心蛋也是有一定水準。滿分10分我會給8.5分。會讓我有記憶點的一碗拌麵。當下要進來前其實有點猶豫，因為網路上的...
5,店家:麵屋武藏台中首店,拉麵名稱台中限定濃厚雞豚蝦；NT280,配置面大盛，學生證附送一碟揚出豆腐小菜趁著上午沒課趕去嘗第一批鮮。湯頭非常鮮甜，以蝦子鮮甜味為主軸輔以豚骨的醇厚和雞湯的鮮，整個三者非常和諧。武藏的粗麵一直是我喜歡的感覺，沒有硬度選項，默認屬於比較有嚼感但不會過硬的口感，順滑度很棒，很入味。雞腿叉燒很嫩，單獨拎出來很好吃但是總覺得和整個麵口味不太搭，店員有說這是刻意營造的口味對撞，不過就我個人而言還好就是了。唯一比較遺憾的是作為主要配件的蝦子，鮮度不太行，肉不彈，粉粉的很散的口感，不知道是不是個例。建議可以加一些蒜末，很不錯👌🏻用餐結束後店員會詢問對於限定的意見，很用心了...
6,店家:吾妻拉麵,拉麵名稱價格:原味雞白湯拉麵160,配置基本款最近晚上騎車走博愛路經過北港路口停紅燈時都會看到冰店門前有個吊著燈籠醒目的小攤車而且客人好像在吃麵一度不敢相信自己的眼睛(っωс)(｡☉౪⊙)直到有天想到查了一下才確定真的是拉麵攤車而且主打在嘉義不曾看過的雞白湯拉麵決定假日約朋友陪同踩雷嘗試看看到場排隊時已有約有7位內用客人已入座在等餐因為店家有提供外帶服務所以依店內等餐人數推估時間不太準我們從18:30排隊入座約為18:41到拉麵上桌已是18:59小攤車兩人作業實在難以應付分身乏術令人聯想懷念起以前延平街的麵屋木心原味雞白湯湯頭色澤混濁味道濃郁感覺是各種味道扭...
7,店家:麵屋聚,拉麵名稱價格:限定款/新加坡司令風鹽味清雞湯240元,配置麵硬/正常鹹好久沒來聚了，剛好看到還有限定就繞過來吃上麵之前的確被那好大一管噴槍嚇到...不過我應該再要求烤久一點的，雞皮焦烤味可以再多點剛上來時，奶油的香氣頗誘人，而且不是廉價乳瑪琳的氣味。奶香十足，搭配雞肉焦烤香氣再翻攪下面的雞湯上來，柑橘皮的淡淡香氣才逐漸浮現麵體上來的時候稍嫌軟了(因為這碗擺盤要很久)不過全麥麵加上奶油的香氣，的確有種在吃法國麵包的錯覺。湯頭撇開奶油的部分，淡雅雋麗，清爽的鹽味搭配淡淡雞湯甜感此時再加一些些奶油整體溫潤而不過重。喝到中後段柑橘果味逐漸加重，剛好解掉奶油變冷的油膩感。炙燒雞腿油脂與...
8,店家:京都柚子豚骨拉麵研究中心（中山店,拉麵名稱價格:發明一號230,配置日本濃度/硬麵/海苔天婦羅已經耳聞這家很久了，但是來到這裡會一直被最愛的鬼金棒給吸走😂這次特地來嘗試一下這家的味道，也是因為看門口還沒排什麼人，一開店後發現桌數還不少，很快就入座了，沒什麼等到。點餐到麵上桌的時間約13分鐘而已，算超快的。雖然看圖片已經知道那個炸天婦羅海苔會很大片但是沒想到是超級大的一片，都快比碗面大了😺湯頭的部分我先不把所有的東西和進湯裡面單喝了一口，覺得有點普通，但是把柚子醬和進去之後，風味整個改變，柚子鮮甜的味道被拉出來，這時候的湯頭有種甜蜜的感覺，不會喝膩，到吃完的中途幾乎沒喝水麵體的部分比較沒...
9,店家:隱家拉麵赤峰店,拉麵名稱極·濃厚海老沾麵/NT.260，豪華叉燒拼盤/NT.100,配置:中(180g)，捲麵，硬下班跟朋友約來吃限量的鯛魚沾麵，但看到店門口的椅子坐滿人，排隊人潮延續到對街，我就知道沒希望了。但在點餐的時候發現一個之前沒看過的%.G拉麵名稱＂極·濃厚海老沾麵＂比原本的濃厚海老沾麵多了個『極』！前面多了一個字，就感覺像＂真·三國無雙＂一樣，等一下孔明就會出來旋轉跳躍，雙手射出雷射光...扯遠了。極·濃厚海老沾麵Z配置雞叉燒*3、雞腿肉叉燒*1、鮮蝦*2、蔥絲、紫洋蔥。豪華叉燒拼盤:豬叉燒*3、雞腿肉叉燒*2、雞叉燒*4、蔥絲。當初吃濃厚海老沾麵時，就覺得這個沾湯要是再濃一點就完美了...現...
10,店家:麵家壹霖丸,拉麵名稱價格:濃厚雞白湯拉麵/180元,配置細麵15秒預設配料有叉燒、溏心蛋半顆、海苔、高麗菜、蔥花、辣椒絲(我的這碗剛好沒啦，下次要吃完整版)今天回台南兵役體檢，前幾天剛好看到開幕的消息就馬上繞過來吃開幕場了。店內設有無糖綠茶和冰水，可以自己取用。剛好坐在吧台位與翔斬大大四目相交，越是觀看料理流程，心中飢餓感越是止不住。上麵，湯的表面是滿滿的泡，湯頭傳出甘甜的香氣在鼻腔縈繞非常符合地區特效，高麗菜更是加成了那個香氣，老實說我更期待可以看到更濃的湯，不過在我第一口喝下去之後我覺得這都無所謂了，雞油香在口腔暈開，濃度的口感接近慢熬的紅豆湯，雖然影片中看起來沒有如此...
11,店家:麵屋聚,拉麵名稱價格:司令風雞湯麵240，詳細請參考其他食記,配置給老闆配，加點40元雞叉燒延伸:貓貓不給拍臉如果是常去麵屋聚的麵友，可能會注意到角落掛著一支很粗大的噴火槍，卻也未曾見過老闆使用。「那個平常不會用，火力太大了。」在老版出餐過程閒聊時得知，那種噴火槍最初的用途跟廚房無關，是鄉下燃燒稻草枯葉，還有冬天很冷的時候噴新塗標線讓他乾燥用的。雖然以前在電視節目也有看到店家拿類似的噴蔥油（好像是麗寶那邊的店家？），不過太遙遠的店家會減人興致。簡單形容這碗麵，奶油香，果香很明顯，鹽醬下的不重又因為奶油風味油不少的關係，鹹味不算很明顯，但顧慮到老闆擔心鹽醬壓過水果風味，後面也沒有追加就...
12,店家:拉麵公子,拉麵名稱價格:限定塩生薑雞湯拉麵260,配置基本款前幾天路過看到，在公司附近決定來嘗試一下本來想點常駐款，看到限定就忍不住了清湯湯頭，薑跟酒味很明顯，雞肉也不錯。整體來說算蠻好吃的，不過有一點台酒花雕雞泡麵的影子在😓😓還會在來，下次試試濃雞白湯的常駐款$...
13,店家:隱家拉麵芝山店,拉麵名稱價格:真鯛魚白湯拉麵，極濃厚海老沾麵，豪華叉燒拼盤/270＋280＋100,配置無更動前言:新分店試營運，吃爆，限定有兩個，猶豫不知道吃哪個，朋友說如果都吃就幫我出半碗的錢…我這樣還不點爆我對不起自己。店員問要先吃哪個，我想說沾麵沒湯先上。※極濃海老沾麵:以前第一次吃赤峰店時有遇過，但是那時候對沾麵沒興趣加上以為是定番，所以就錯過了，這次終於補上。沾醬有很濃厚的蝦味，非常的重口味，跟五之神的不太一樣，五之神的沾醬蝦味會讓人覺得有點腥，這碗完全不會，而且也不會太鹹甚至還有點甜甜的，不只如此，他沾醬夠濃很扒麵，所以吃起來非常夠味，夠爽。配料部分除了叉燒以外還有兩隻蝦子，幾根油菜？跟一小碟的蔥絲跟洋蔥，...
14,店家:ラーメン七面鳥,拉麵名稱價格:極濃雞豚330+30細麵5秒,配置店員告知只有麵硬度可調整，本來打算加一碗白飯，結果加飯時被告知沒飯了開頭先來抒發怨念，雖然我懂錯的是自己太晚來，不過說好的白飯管夠竟然還是不夠了，使我濃湯慶典中吞下遺憾的口水。色:拉麵上桌，滿滿的淡褐色水泥覆蓋整碗，令人好奇碗內究竟有何乾坤，上頭有老闆為了身體健康飲食均衡所準備的綠色蔥絲，翻開濃稠水泥下方的是手都夾酸之超厚叉燒，二塊叉燒之下才是滿滿濃湯上色，保溫冒熱氣的彈牙粗麵。香:排隊時鼻子就已經被豚骨香薰的失靈，翻開叉燒時有一股豚骨混合麵香隨著熱氣撲面而來，之後鼻子繼續失靈。味:第一口粗麵隨著黏附的湯頭吸入口中，令...
15,店家:雞二拉麵,拉麵名稱價格:小小魚醬油/NT.179,配置粗麵、麵預設、湯鹹自從夢語跟小山拉麵收掉後，在台北想吃二郎系拉麵的首選就是雞二了。雞二的份量分大碗、小碗、跟小小碗，一般人點小小碗加菜就很飽了，除非對自己的食量很有自信，不然點大碗只是浪費食物。這次選了個沒吃過的魚系拉麵。小小魚醬油Z配置青蔥、豆芽菜、豬叉燒、糖心蛋*1/2。醬油湯體撒上了芝麻、鰹魚粉和背脂，香氣豐富，滿滿的魚介風味。叉燒使用舒肥過的厚叉燒，粉紅色的表面帶著黑胡椒，口感軟嫩帶咬勁。下面鋪著滿滿的豆芽菜，咬起來清脆爽朗，平常菜吃不夠的人可以再加點一份。二郎系的主體麵條選擇粗了麵條，也沒有特別調整硬度，Q彈...
16,店家:麵屋聚,拉麵名稱價格:限定款/新加坡司令風鹽味清雞湯240元,配置麵軟/鹹度淡（吃ㄧ半再加鹹）ㄧ直喝濃濃久了聽說最近有清雞湯來試試（是說最近有喝了七面鳥的鹽味雞濃湯蠻喜歡的）這次應該是水果最多的ㄧ款，但看了麵友分享才知道是從調酒發想的靈感！上桌前直接拿好大ㄧ管噴槍炙燒雞腿叉燒秀有點嚇到😅吃個麵陣仗這麼大⋯雞清湯應該濾掉了雞油的部份讓湯頭走清爽風，少了香氣應該是為了凸顯水果味？還有個香香的奶油香卻沒有膩感。ㄧ開始選淡的時候水果味較明顯，後來再請老闆加鹹點是我比較喜歡的口味，能更顯湯頭的甜度，只是酸香果味就變成淡淡的後韻。但選軟麵果然不適合我😅還是硬麵好吃！這碗有兩種舒肥肉，ㄧ個是熟悉的...
17,店家:竹野家,拉麵名稱價格:羅勒起司番茄煙燻香腸叉燒拉麵/280,配置普通鹹，麵適中口感，免費加飯又到了秒殺的限定口味拉麵!!這樣才有動力騎車1小時加上等1小時以上的候位...在竹野家小小的麵攤吃拉麵可以看著老闆的精心製作基底加上高湯，接著放入麵條且調整麵團位置高度，鋪上一層起司，加入番茄椒組合和香腸，然後是紫洋蔥，再一層起司、一顆蛋、叉燒依序鋪好，灼燒~最後是羅勒，看完這番動作真覺得等待是值得的，開心。(記憶力不好只是大概論述，認知有誤請多指教)第一口先喝最邊緣的湯是順口的，感覺到番茄是主角，稍微撥開中間的料和麵團，接著一口咬麵，濃郁的起司牽絲連紫洋蔥都可以被蓋過，偶爾配點糖心蛋、叉燒...
18,店家:台南。俺の豚,拉麵名稱DSP濃厚豚骨拉麵、濃厚豬雞魚介沾麵,配置湯鹹、麵硬、叉燒炙燒（+5）；加點叉燒飯（60）、舒肥雞胸肉（+50）趁著台南pokemongo活動因此帶著女友來體驗俺の豚的威力讓她見識什麼叫隨餐品項過度犯規😎今天用餐狀況DSP的濃厚度依然讓我十分滿意而後來覺得經過炙燒後的叉燒其香氣方能與桂花紅茶冰沙配合所以這次也加了炙燒烤過叉燒的表面大片肉配著湯、麵、味玉末了再來口桂花紅茶冰沙解膩真的是再痛快也沒有了另外，今天的海苔吃起來非常香不知道是店家有換什麼品牌還是天氣濕度等什麼緣故豬雞魚介沾麵的部分$...
19,店家:本也拉麵東門店、丸雞一番,拉麵名稱價格:咖哩拉麵加蛋280；醬油味特製雞白湯拉麵250,配置麵硬；正常延伸:#一餐兩碗#拉酒幫 本也東門店咖哩拉麵11月週三限定:原本想在這個奇怪的日子獨自去吃市場裡吃燒肉，沒想到客滿了，就一如往常至本也限定簽到，上個月斷簽是因為雞白湯之前吃過😜這次咖哩拉麵也是以豚骨湯頭為底，加入大量咖哩香料增加風味與辣度，配料跟定番相似，正中央多了一球濃郁咖哩醬汁拌炒肉末，再灑上混合大量薑黃的香料粉每吃一口，薑黃的香氣撲鼻而來，混合著豚骨的濃稠，伴隨各式辛香料的刺激感與辣味散發，辣度似乎比之前的台灣拉麵高一些，但細麵似乎不適合用在咖哩湯頭，配料部分就跟平時一樣穩定，這碗特有的咖哩肉末香氣很重...
20,店家:熊越岳,拉麵名稱價格:大壩限定加叉燒飯&糖心蛋/350+60+30,配置麵硬，加麵的麵比麵硬再更硬前言:一年多沒吃這家了，不知道老闆還記不記得我，那時候還沒入拉麵坑，印象只停留在加飯加湯免錢，然後肉很多吃起來很爽，經過這一年，我算是完全入了拉麵的坑，但也一直沒有回去吃熊越岳，因為太久想不起味道，加上人氣一直居高不下，於是我勉強抽空找朋友吃一波。P.s差點就吃不到大壩了，我是倒數第三碗，超幸運※以下正文喝第一口湯直接就愛了，濃厚的湯底但是完全不會鹹口感非常滑順，不確定是不是麻醬的那一點點甜味還有細品之後的那一點點沙沙的口感很加分，灑了整晚的炸至焦黃的大蒜，那個脆硬的口感很令人上癮，而且不會因...
21,店家:辰拉麵,拉麵名稱價格:濃湯大興奮、叉燒飯；叉燒大滿足(鹽味雞湯)、白飯,配置正常這一間大概是中永和這最多人排的拉麵店了！雖然很多人排，但令人佩服的是整體流程非常順暢，老闆和老闆娘服務態度好，只有2個人內外場能顧成這樣實在太讓人佩服了。而且老闆十分熱情有活力，擺盤時的側臉蠻帥的，老闆娘超級可愛，蹦蹦跳跳的又很親切，整間店的氛圍太讓人喜歡了！不過…老闆，你一直叫老闆娘阿姨。平常回家都是跪那一牌的主機板啊？XD濃湯大興奮:豚骨醬油湯頭，一貫的鷹流風格，但呈現的更為滑順，個人喜歡粗麵的狀況，不過重口味如我，聽到可以加倍濃鹹，下次去時大概會想試試。另外，叉燒厚薄度適中軟嫩，五花非常適合留到最後配白飯，筍...
22,店家:竹野家,拉麵名稱價格:翡翠叉燒拉麵/200,配置調味淡，麵適中口感，番茄肉燥飯和美麗果蘋果汁100上班離八德有點距離，帶點小迷路的狀況最終仍趕不上開門，還好只有一個人前來，在團體讓位下可以較快入座。等待的時間真的很餓，想到了上次入座要等老闆專心作麵的空檔，這次加點了番茄肉燥飯來充飢，果汁選擇蘋果汁。入座後先收到了肉燥飯，附了一顆微熟蛋，另有期間限定醋漬小黃瓜，大口挖起了肉燥飯一口咬下，這是熟悉的番茄肉醬風味，但是帶有少見的新鮮食材風味，微微的酸味讓我胃口大開，吞下後再大把夾起小黃瓜，白醋的味道充裕整個口腔，奇妙的是當小黃瓜醋味占大部分時，再吃一口肉燥飯卻讓口腔酸味變...
23,店家:一風堂中山店,拉麵名稱五条ブラック醤油つけ麺,配置冰鎮麵感覺好像沒有人發過這個的食記就來發個昨天半夜朋友要吃晚餐就去中山神山人滿滿，放棄；鳥人根本不打算，放棄最後又走回一風堂在富山黑拉麵撤到只剩桃機店時黑醬油感覺就變得十分少見了品項會以五条命名，應該不是看了什麼咒術迴戰而是店處於五條通的位置麵採用算細麵的，但說實在Q度比不上其他有沾麵店家，即使有冰過也沒有彈牙感及嚼勁，個人實在沒有很喜歡。有趣的地方應該是在沾湯吃起來好像在沾甜醬油的感覺欸呃他整個沾湯甜到我嚐不出高湯味道湯割後才後才比較正常一些些但最後還是不想喝完那碗沾汁==嗯，只能說一風堂就是一風堂對面朋友的辣肉味噌...
24,店家:鮭之大助,拉麵名稱價格:奶油蟹濃湯拉麵/330,配置無昨天已經吃了龍蝦沾麵，今天又忍不住再去吃他們的奶油蟹濃湯拉麵。三點蟹的胸殼滿滿的蟹肉，他們招牌的雞叉燒。這次的湯頭已經佔據我最愛的海鮮系湯頭的首位，動物系是他們的鵝白湯。麵條是細麵，小麥的味道沒有太麵明顯，剛好不好搶到湯頭的味道。唯一的缺點就是在拉麵店吃蟹真的不方便，空間比較小，還被蟹殼割傷了手指。$...
25,店家:讓麵煮一會,拉麵名稱酒香焦蒜雞白湯價格:210,配置半顆溏心蛋、紫洋蔥、蒜酥、蔥絲、叉燒雞*3心得:一開始被濃郁的酒味嚇到，以為味道會很重結果拌開來後意外的很搭～麵體是使用細麵，不過若可以選擇，個人更喜歡有口感的捲麵XD不知道是不是太久沒吃拉麵，覺得這碗湯頭對我來說有點太鹹，一直狂灌冰水（後面老闆有說可以依個人口味有所調整）總體來說是一碗物超所值的拉麵下次要再來試試看魚介口味🤤P.s剛剛發現，現在有在辦相機先食活動，活動至11/20～有興趣的朋友可以來參加啊😂😂😂🍜$...
26,店家:真劍拉麵🍜,拉麵名稱價格:醬油雞湯拉麵240/鹽味翠雞拉麵250🍜,配置正常 藍與黑交織的氣息:今天來台（天）北（龍）市（國）出差，難得出國，當然要來吃一下拉麵～真劍拉麵位於捷運台電大樓3號出口，隱身在巷子裡，超級不明顯😅。店內點餐是用點餐機，用餐前將餐券拿給主廚。真劍的點餐機可以開發票，還可以打統編，實在很貼心，只是店內座位不多，大約是八席，跟許多拉麵店一樣，要等到人數到齊才可以排隊等候。整體空間有點狹小，淺灰色調，算是工業風嗎？用餐空間裡擺放了一排木質高腳椅，台前還擺放著玻璃水壺，裡頭供有冰水，彩色紙巾包裹住餐具置於玻璃杯中，玻璃杯是特殊半斜設計，像不倒翁一樣，用的不是很習慣，感覺好像...
27,店家:七面鳥:台中市西區地點:公益路段純貞巷內,拉麵名稱價格:豚骨醬油拉麵(250),配置細麵5秒用餐時間:11/19撞山的一次。但需說明，這僅是我個人用餐心得，本人不適應不代表食物不好，無批判用意。雖做過網路功課，但對各種流派其實仍一知半解。各領域資深指導新手多強調網路資訊的重要，但有些東西真的不試不知。因為官方稱之為「家系拉麵」而被吸引，但我腦裡的口感/口味想像卻與現實大相徑庭⋯⋯首先是湯，完全沒想到會稍帶泥狀，而且吃到疑似雞爪或雞皮的碎塊；入口是非常明顯的豬味，醬油反而沒能察覺。第一次吃細麵，口感帶硬還蠻喜歡，可經歷尚淺加上湯汁重口味，我是嚐不出口感之外的特點。至於豬肉（是梅花肉嗎？）給的大方（應有4...
28,店家:麵屋かとむら台中一中店地址:台中市北區太平路75巷22號用餐時間:2020/10/1219:00左右排隊狀況:無排隊,拉麵名稱/價格:極炙豚骨（NT220）,配置中盛（220g）、有特別提麵硬「你的下一碗拉麵，何必是湯麵。」拉麵等於湯麵，幾乎可以說是深入每個人的印象之中，所以當我第一次遇到這碗麵時，我一直無法以拉麵的角度去看待他，直到我打這篇文時也是如此。又是一個不知道要吃什麼的夜晚，這次一樣在朋友的邀約下來到一中街附近的「麵屋かとむら」，在小巷中這間店有點不太起眼，第一次在找這間店的時候還繞了一下，以為Google地圖帶錯地方了，店門口旁邊的窗戶擺放著各種不同份量的碗，從最小到最大一共有五種，其中看到最大時，真的讓我眼睛一亮，「感覺就是二郎系啊！！」心中發出了這樣的感嘆，但今...
29,店家:織田信長￼,拉麵名稱價格:牛叉燒雞腿排￼￼￼拉麵298,配置蔥花、叉燒*2，半顆溏心蛋、豆芽菜身為中壢人，當然要特來品味在地特色拉麵，￼因只有一個人來獨享，所以招牌波士頓龍蝦雙人套餐就等下次有機會再來。單點牛叉燒加雞腿排拉麵，豆芽菜是在鐵板現烤現做新鮮有味道，不知道可不可以另外單點，雞腿排也是非常的軟嫩好吃，牛叉燒會另外再加炙烤，口感非常得好，值得來品嚐更新:11:00之後人開始多起來了，大概要30人了排隊情報（？）隱家芝山店試營運改採登記制目前總計已登記12名（不到9:30就到的我覺得自己像神經病）$...
30,店家:山下公園ラーメン,拉麵名稱價格:生薑豚雞濃湯/220,配置麵硬、日本鹹延伸:胖虎很燒腦呀~剛好有事來台中，本來要來吃德島，誰知道FB一打開就看到又要出新定番，不是才出了番茄嗎，我說胖虎你真的令人摸不著頭緒呀，又不睡覺了嗎!!!!，才十一點出頭一上來就已經有三組人馬排隊，跟胖虎拉賽之後，點餐機前還是默默地按了這碗(點啦，哪次不點的)麵上來之後，第一口湯，那個微微的南洋風情的感覺就出來了，薑黃味加上微微的咖哩味，湯體鹹味跟鮮味巴著舌頭的味蕾，真的是令人垂涎三尺，喝了幾口湯開始攪拌湯體，因為底層還有生薑，把整碗做了一個攪拌之後，生薑味搭著紫洋蔥粒，刺激的口感又讓湯體的味道做了一個變...
31,店家:銀座篝　ルクア店,拉麵名稱價格:蛤と海老の芳潤soba¥1200バターご飯　トリュフ醤油かけ¥380,配置新鮮蝦仁數個、不帶殼蛤蜊至少5個先說說在拉麵前上桌的奶油拌飯，除了奶油，還附了不少塊舒肥雞肉叉燒，附上一罐松露醬油隨便淋，只能說奶油拌飯和雞肉都很好吃，松露醬油鹹度偏低、松露味有點感受不到，整體而言是一碗簡單好吃的飯，但配上精美的定價，我是覺得太盤😂﻿蛤蜊蝦是最近的限定口味，不曉得是否為Lucua限定，至少不是每間店都有。看起來一片紅通通，其實是滿滿的蝦油，湯頭的部分蛤蜊味並沒有到非常明顯，反而都是蝦油的爆香味去帶動整碗麵，話是這樣說沒錯，但藏在湯裡面是至少5顆肥美的大蛤蜊（無殼），蝦仁的部分也是新鮮現剝而不是那種泡過...
32,店家:山下公園ラーメン,拉麵名稱價格:生薑豚雞濃湯拉麵（220）+繁盛（80）+120套餐（明太子叉燒飯+水果茶）,配置麵硬、日本鹹歷經三個月後我又跑來了山下，我來台中有囍吃的比較多，看了今天山下粉絲專頁所以來嚐鮮看看，也來試試看新的叉燒飯！生薑這碗湯頭呈金黃色，湯頭前段屬淡淡咖哩味尾段有薑的辛辣味，有南洋風味在配搭上椰槳更是如此，吃著吃著生薑味道會慢慢擴散配搭椰漿可以去除薑的腥味讓整碗吃起來比較溫和些，雖然加入椰漿會直接蓋過湯原本的味道，不過我自己是很喜歡這樣的轉味，如果天氣再冷一點，這碗吃起來會很暖叉燒方面維持水準，今天比較喜歡年輪狀的叉燒，香氣十足加上肥瘦適中完全沒有油膩感，超爽的！雞叉燒口感比較紮實，如果再軟一些就是我的菜了！明...
33,店家:山下公園ラーメン,拉麵名稱價格:生薑豚雞濃湯/220,配置叉燒繁盛、麵硬、日本鹹、新版叉燒飯懶人結論:這碗很強除了薑的主題性，我認為這碗試圖去挑戰了大眾對於「咖哩」的認知，即使知道咖哩的精彩就在於香料的各種搭配，但生活中常吃到的幾款主流咖哩卻容易限縮了對其味道的想像，但這碗展現了沒有不可能，只有想不到。品嚐的過程中，薑泥跟咖哩就像在進行一場伯仲之間的賽跑，而椰漿就像亂入的Cameraman，再次轉移了食客的注意力，所以，請酌量添加。更新:剛剛吃完的心得https://m.facebook.com/groups/RamenTW/permalink/274048759620229...
34,店家:鮭之大助,拉麵名稱價格:龍蝦蟹白湯沾麵/420,配置無應該說是大閘蟹沾麵之後最有衝擊力的沾麵，一整隻龍蝦，雞叉燒還有玉米筍。蟹白湯的濃郁跟熱度超讚。龍蝦的鮮度從肉質的Q度可以吃得出來。喜歡吃龍蝦的朋友絶對可以一嚐。拉麵$...
35,店家:板橋一幻,拉麵名稱濃厚豚骨鹽味拉麵拉麵,配置粗麵排隊狀況:約10分難得經過板橋一帶差點忘了有合作的一幻第二次嚐味道依舊不變嚴重警告有對甲殼素或海鮮過敏的麵友們不要嘗試會出事啊$...
36,店家:鷹流東京醬油拉麵蘭丸中山店,拉麵名稱價格:蘭丸拌麵/NT.180,配置正常肉量之前只有耳聞過的蘭丸拌麵最近復活了，也因為這樣第一次來蘭丸中山店。蘭丸拌麵Z配置叉燒塊、青蔥、蒜末、筍乾，附上柴魚清湯。麵體上放淋上大量的美乃滋並撒上蒜片，湯勺中放著豆瓣辣醬和蒜丁、底下是豬背脂和柴魚醬油，麵條採用細麵，麵條偏軟。整個拌開之後呈現一個粘膩的口感，美乃滋把醬油整個包覆於細麵條上，每一口都是重口味。正常肉量的叉燒只能說是點綴，份量並不多，口感偏軟脆，跟筍乾搭在一起挺好的。進食的前期感覺還不錯，但中後面開始覺得鹹膩，柴魚清湯也沒辦法完全中和掉那股感覺，麵的份量也稍微偏多，加上那天身體不是很舒服，最後是...
37,店家:Hirosらぁ麵Kitchen新北新店店,拉麵名稱價格:叉燒拉麵,配置粗麵，麵硬新店店！新店除了百壽爺及海猫亭以外，又進駐了一家豚骨拉麵！來到店門口約稍後了一下登記後等待入座其實排隊期間就一直回想以前去新竹本店吃的記憶湯本體的味道很醇厚，背脂雖然多但不會到膩口感上感覺除了檸檬可以再用洋蔥轉味叉燒的話有炙燒過但湯味道有一些被影響不過叉燒本體比較鹹一些粗麵的口感很好，麵芯還有一點點的鹼水味不過湯體本身我個人覺得比較適合細麵其他炸豬排，咖哩飯，叉燒手卷都是味道不錯如果有來訪會再補齊其他品項整體而言餐點的體驗都不錯只有出餐慢了一些看廚房內只有一口加熱爐要處理湯跟咖哩加熱還有旁邊佔掉一個爐口來炙燒...
38,店家:雞二拉麵師大店,拉麵名稱醬油大雞二+鹽味大雞二,配置兩碗皆麵硬一直一來大雞二在我心目中的份量就如同維力炸醬麵一般，一包嫌少、兩包又太多，但是吃過無數次兩包維力炸醬麵，兩碗大雞二，始終卻沒嘗試過...今天心血來潮找了兩個朋友來挑戰兩碗大雞二，本店的吧台位置小，桌面空間也不夠，因此決定到師大店挑戰。一進門我先跟點餐人員說我要一碗大雞二，點餐人員跟著往常的SOP遇到有人點大雞二，先問有沒有吃過小雞二，並且再三強調大雞二份量之大，通常在這邊的時候已經勸退了一半的人。不過今天的我不一樣，我直接打斷點餐人員的介紹:「我們三個人都要兩碗大雞二，總共六碗。」點餐人員用一種嚇一跳的眼神看...
39,店家:山越拉麵總店,拉麵名稱價格:八幡屋七味麻婆豆腐雞白湯拉麵/280、加叉燒/60,配置預設勝王畢業🎓！不要再用鮭魚煮湯，我不愛鮭魚，鮭魚只能鹽烤。這個對話真的很有趣w一如既往來到限定的禮拜三，本來以為今天是不能來吃，誤打誤撞剛好有機會，這次加點叉燒還沒圍成肉圈圈，早知道就點兩份叉燒圍成肉圈圈了這碗吃第三次，空腹來超級餓！所以就直接加點叉燒，這次吃感覺比較柔和一些，麻婆豆腐鹹辣味道增減許多，刺激感沒那麼強烈，菜絲在轉味方面依舊優秀，麻婆豆腐配搭上七味粉麻辣雙重奏，令人想一吃再吃，豬叉燒肉質鮮甜，在咀嚼過程中豬肉鹹味也慢慢帶出，11塊叉燒吃得很爽吃完麵闆娘就說下次來就是新的限定！雖然不一定每個禮拜三都有空來...
40,店家:博風豚骨拉麵,I)用餐時間:2020/11/15(11:35)排隊狀況:直接入座%.G拉麵名稱價格:濃厚豚骨+ASAHI/240+80,配置正常，叉燒2片，高麗菜&木耳(四選二)，鹹度:普通，麵:超硬，蔥:要。這間是今年才新開的麵店在google評論有4.9顆星的高分，真的很吸引人一親芳澤。點菜單就是跟快在臺灣消失的豚臭系87像，桌上的鹽醬實在少見，真是吃重鹹拉麵的福音。今日插曲加芝麻時直接掉蓋子！傻眼！(寫篇推薦文贖罪)直接變狂暴芝麻拉麵！口味:標準博多豚骨湯頭配上細麵(跟附近的NAGI打對臺啊！)，喜歡博多豚骨系可以嚐嚐！$...
41,店家:神樂軒,拉麵名稱價格:一品雞白湯拉麵+溏心蛋240,"配置粗麵麵硬忙了一陣子，終於有機會回去試試老闆調整後的狀況(之前有參加過社團的封閉測試)再端上來前注意到店家貼心的在碗下增加了一個碟子除了端碗方便外，也比較不會晃很好餵食相機但看到湯頭顏色就覺得有點不妙....記得店家的雞白湯的特色是蔬菜帶來的濃厚感與微渣感(但實際吃不到任何渣)雞的味道比較淡薄醬油底的風味突出很好的帶起整碗湯的厚實感喝了一口....湯頭變得有點甜偏向玉米濃湯的感覺醬油的鹹香與甘醇味降低很多雞叉燒跟封測比稍微小片視覺的衝擊沒那麼大(但還是新竹最大的)薰香比之前厚重很多可以""""充分""""感受到停留在口中的木頭香..."
42,店家:貍匠拉麵深夜食堂,拉麵名稱豚大盛拉麵,配置日本鹹度原味排隊狀況:沒排隊「大碗公，小驚喜」一個剛上完晚班的夜晚，拖著疲憊且飢餓的身體，正準備回家休息。「咕嚕嚕～～」肚子唱起了空城計好餓，好想吃拉麵喔～想要用拉麵消除一天的疲憊，但是11點哪有拉麵可以吃...對著自己唱反調的同時，身體還是很誠實的拿起手機來搜尋有沒有開到那麼晚的拉麵店。雖然曾經在故鄉吃過24H的拉麵，但講實話那東西真的不能稱為「日式」拉麵啊～而且以「台式」拉麵來說也算是中等級的店，要不是沒有其他選擇我想我應該也不會走進去。這次來到異鄉，抱著僥倖的心，去尋找拉麵。「就算是台式拉麵也可以啊！！」此時的我...
43,店家:雲鶴拉麵,拉麵名稱價格:雞白湯拉麵130,"配置麵硬(第一球預設35秒、加麵指定20秒)、湯濃週末正好在恆春,吃完老街的王家古早味乾麵後再到附近的紅豆餅買點心,發現同條巷子新開了一家雞白湯拉麵,詢問開店時間後決定宵夜走過來吃,目前只賣三種拉麵:雞白湯130、蔥浪150、地獄150,想說時間晚了加上等等要喝酒就點雞白湯拉麵嘗鮮一下,雞白湯130的價格直覺想到台北社子市場起家的麵屋一番,味道和配菜的確也很類似,就兩家比較的話:湯頭比社子的一番更濃郁一點、甜味明顯,舒肥雞肉的胡椒味頗重,整碗以這兩者為重點,麵條則是比較弱的一環,目前是使用超市就能買到的愛麵族的日式拉麵,預..."
44,店家:黑潮拉麵,拉麵名稱價格:味噌拉麵210元醬油拉麵190,配置中捲麵偏硬加點:唐揚炸雞110炸串40叉燒飯60煎餃80來花蓮市參加活動友人已經預先推薦了在地相當有人氣的黑潮於是帶著幾個朋友一起來我點了味噌拉麵麵條配菜叉燒的組合很不錯不過中捲麵的感覺跟細麵差距不夠明顯味噌的味道也稍微不夠強烈不過整體來說還是滿意叉燒飯就很棒很大一碗配上醬汁馬上就扒光了炸物的炸雞和炸串也很好吃菜單的豐富度高不只單純想吃拉麵的人也可以點大量的配菜吃的很滿足廁所裝潢也很有特色不過這就讓有去過的人自行體會了隔天又帶另外一群朋友再去吃一次這次點了醬油拉麵醬油的表現就很棒湯的醬油味明顯又不會覺得很鹹膩然後依然塞...
45,店家:二月拉麵,拉麵名稱價格:二月拉麵/NT.150，胡麻時蔬/NT.50,配置豚骨湯頭、麵硬、鹹度超重味騎著車，躲著雨雲不知不覺就來到了淡水，然後就不知不覺進了拉麵店(?二月雖然可以算是鷹流體系的一脈，但走得比較接近麵屋ｌｕｎａ，風格和價位都是。雖然快過了用餐時間，但店裡的人還不少。先點了一盤胡麻時蔬開胃，再來碗豚骨口味的二月拉麵。二月拉麵Z配置叉燒*2、青蔥、筍乾、糖心蛋。由於點的是豚骨超重味，湯麵的油脂較多，原本以為在夏天會感到油膩，但鹹度和油度取得了一個絕妙的平衡；比起雞骨的清爽，豚骨的豬腥味略重了一些，喜歡的人就會喜歡。麵體口感香氣佳，二月的麵條總是讓我會再替玉乙次，真的好吃。叉燒軟嫩，...
46,店家:麵屋青鈴,拉麵名稱價格:限定。濃厚虱目魚白湯/260,配置味濃、有蔥、加麵（細麵，+20）很久以前在我吃完高雄的麵場小船二倍鹹後我和H以及蝶姐聊天時說到那碗虱目魚湯頭的麵似乎少了什麼如果能夠用魚肚做叉燒然後魚肚脂來替代背脂那樣的虱目魚麵或許會更有看頭吧？當時他們兩人聽了都表示虱目魚肚太貴了這樣用很傷本大概沒有一個店家會這樣做吧？但他們真的不知道是忘了還是不願意承認他們身邊有個瘋人就在前幾個禮拜開始了這個品項開發😂當然必須說啦這碗麵跟我想像的虱目魚麵其實是有點差距的:叉燒的形式大概是麵非麵的那種魚肉捲白湯像定置漁場三代目的那樣細緻滑順然後背脂以虱目魚肚肥肉打碎製成但青鈴的這碗，...
47,店家:墨洋拉麵,拉麵名稱價格:極上貝貝拉麵，叉燒飯/260+50,配置無更動湯是清湯，湯頭帶有淡淡的干貝味，原本看到上面浮一層油，我以為會偏膩，但是喝起來跟想像的不一樣，吃不太出很油的感覺，不會有很重的負擔，麵條是細麵也很不錯，叉燒表現的中規中矩，干貝我平常沒在吃也吃不出個所以然，有一個配料是滿大塊的蘿蔔，看起來應該有滷過，在整碗麵裡面算是味道比較重的配料，我自己還蠻喜歡的。叉燒飯醬油不會過多，量抓的很剛好，但是美奶滋我覺得可以多一點吃起來比較爽。在自助吧檯區有豆芽菜可以自行取用，那個豆芽菜超好吃，有別的客人問店員還有沒有，店員說沒了就沒了，看來我運氣還不錯，這麼晚了還有吃到。整體來說是...
48,店家:三冬麵舖,拉麵名稱價格:特製雞濃厚拉麵+？？？,配置世界第二好吃焦糖布丁久違的拉麵日讓三冬大學長王安中帶我來坎久久沒吃雖然有限定的擔擔但還是想吃那個雞湯的味道雞湯的味道感受上跟台北吃到的店家都不太一樣湯頭味道比較偏鮮味（？）有點雞精入湯的感覺（誤可能是因為放假出來的感受每次吃三冬心情都很好感受也很舒服雖然在桃園但還有那麼多人來排隊真的很恐怖啊頭香聽說7點多8點就來了..12點一開店外面就排了一大堆人簽名板上還有670個客人#感謝招待#加點叉燒/叉燒飯本體牛骨做先鋒/$...
49,店家:誠屋拉麵中山本店,拉麵名稱價格:牛骨白湯拉麵190+叉燒飯套餐（+90）加點高麗菜（30）,"配置麵硬湯正常空間寬敞個人位有隔板之外店內很貼心會給你兩個位置的空間（旁邊的椅子可以放包包）打招呼滿宏亮有精神的話說這碗牛骨白湯拉麵.....牛白湯對比充滿溫暖包圍著脾胃的豚湯來說多了些在腸胃中自由奔馳的野性是一種可以馬上把你腸胃給敲醒的風格而加點高麗菜果然是正確的選擇有日本拉麵部落客說日本接下來會流行的是拉麵素材是""""鶏節""""註:鶏節是把雞肉類似柴魚(鰹節)一樣加工晒乾然后削片拿去熬湯的東西這邊是兩家關東使用雞節的拉麵想不想吃看看呢?1.らぁめんつけめん　粋や醤油らぁめん(千葉縣)2.鶏そば骨付鶏　金嶋淡麗鶏そば(琦玉縣..."
50,店家:京都柚子豚骨拉麵研究中心,拉麵名稱價格:發明1號改(京都水尾產柚子胡椒辣味豚骨)NT.290,配置粗麵、麵硬、鹹約了愛吃拉麵的朋友一起來踩點，大家各點了一碗，雖然很想吃那個超大炸海苔，但既然朋友點了，我就改選為發明一號改。點餐使用點餐機，觸控式點餐，而且支援悠遊卡和行動支付，對我這種懶得拿鈔票出來的人超方便！發明1號改(京都水尾產柚子胡椒辣味豚骨):Z配置叉燒*6、柚子醬、蒜末、紫洋蔥、小松菜。一號改的版本沒有了炸海苔，多了四片叉燒肉。桌上有七味粉、柚子胡椒、柚子胡椒鹽可供自行調味。豚骨湯頭香氣很棒，拌入柚子醬之後多了些果酸感反而更順口，但蒜末跟紫洋蔥就有些搶戲了，不是說不搭，但每個角色都太顯眼，而沒有完美的融合在...
51,店家:高雄。中村製麵,拉麵名稱價格:限定。塩Lemon（245）、中村拉麵（160）,配置塩Lemon全重口&加麵（+20），中村拉麵正常配置、👉加點炸飛虎魚（120）由於女友想挑戰上次吃時，誤以為太重口的中村一般味，所以周六看完鬼滅，我們就從三多去到了中村，並很幸運的發現到新品塩檸檬和炸飛虎魚，我們就很開心的各取所需啦😋新的塩檸檬，裡面配置的叉燒其實有雞肉和豬肉，比我想像的還要豐富，用了五片檸檬卻沒有太酸，反而香氣更能提味和刺激食慾，不過老闆娘有提醒，檸檬片不要放太久不然會苦，所以我開吃一會兒後就拿出來了其實吃這碗時一直讓我想到白露的雞湯，雖然兩者都是以雞做底吧，但兩者所呈現、所欲著重的點卻完全不同，白露...
52,店家:招福製麵所■,拉麵名稱胡麻豚骨叉燒拉麵(280)■拉麵,配置日本味、麵硬、油花多（背脂）■外送服務:Ubereats（2030分鐘路程費用60）最近開學太忙，常無法好好吃晚餐，無奈人在江湖身不油擠…無法出去買東西…餓肚子，餓與累到身體抖手抖都有😂還好現在還有外送平台可以叫，前幾天叫了 Ramen初:，這次看到這家鳳山 招福製麵所:，也推出 外送服務:，還推出 新品項:。找了2天找不到外送點餐頁面😂，只好去店家粉絲團留言，店家也很細心耐心的回答，後來才發現是外送平台，搜尋引擎太爛的問題！感謝店家的幫忙😊這次毫不猶豫的點點了新品項，只是店家距離我太遠，我的外送服務費要60有些高就是...
53,店家:晴拉麵■,拉麵名稱醬油豚骨拉麵（130）■拉麵,"配置濃、麵15秒高雄今年開了約12家拉麵店。上週六去民生複診中午肚子餓，想起麵友哲大說不錯吃，就順路去吃吃看。晴拉麵英文是SunnyRamen,猜測應該是用闆娘的英文名字吧？闆娘名字最後一字發音應該相近「Sunny」，取中文意思「晴」為店名🤣店內拉麵價格非常平價，130150的價錢。店家外不時會看到店家在攪拌後方大鍋內的東西，還有用均質機在調理湯底。 豚骨醬油湯底:拉麵製作時會看到店家使用 均質機強制乳化:湯底，強制乳化後的湯底出現很多類似泡系拉麵的泡沫浮在湯表層。第一次看到這價位還用均質機乳化湯底的店家！另外好像只有選擇..."
54,店家:柑橘Shinn鴨蔥,拉麵名稱價格:泡系鴨拉麵，240TWD(=8.37USD),配置Default延伸:RoodytheTraveler旅者RoodyBlog:https://ryokousharoody.blogspot.com/FanPage:https://www.facebook.com/yuro.tsai/Instagram:https://www.instagram.com/roodytsai1224/#拉麵#美食#鴨湯#叉燒#豬肉#鴨肉#舒肥#麵#柑橘#叉燒飯#台北#台灣圖多Blog好讀版:English:https://ryokousharoody.blogspot.com/2020/...
55,店家:山下公園ラーメン:台中第六市場/金典綠園道三樓用餐時間:2020/11/1211:45排隊狀況:開店前十分鐘到，頭香,拉麵名稱價格:番茄豚雞濃湯220+繁盛80,配置日鹹粗麵正常（胖虎建議正常，我也覺得一開始麵硬不搭），加麵加飯來吃吃新定番，番茄濃湯搭配蕃茄蘋果醋。一開始吃原湯，之後加麵加了一半的醋，最後加飯再把剩下的醋加完（胖虎還幫我加了調味油）。你不講我還以為我吃了三種料理，根本不同味道啊XD一開始的口味偏清淡偏酸，麵的巴湯力也不強，主要給人一種細膩的感覺。加了一半的醋之後，番茄醋將油脂化成滿嘴的甜香，不過厚度也同時增加、略為掩蓋了番茄的清爽。最後把醋加完再加了調味油之後，這根本青紅醬risotto的味道啊，而且是很天然的那種。我個人最喜歡第二層，覺得最平衡。但三種味道各有其特...
56,店家:一蘭台灣本店,拉麵名稱價格:288,配置麵硬、湯濃厚、秘制赤醬正常延伸:第一次吃一蘭，本來想說等有機會去福岡本店再去吃個四角珠寶盒碗或是五角碗但是因應朋友孕婦要求想吃一蘭只好一起去吃了吃完覺得⋯⋯Costco賣的九州拉麵煮起來應該也不輸一蘭秘製醬不辣，反而把湯搞得很甜優點是冰水滿冰的😂豚王nagiNagi豚王拉麵西門店因為之前覺得品質下滑沒再去吃了但是應該比一蘭好吃很多出乎意料之外，平日能來排的都是學生/閒人！拖到1120到，號碼牌才發到第22號，後面有2人，還有剩六碗。隊伍裡有人穿武藏T耶！（好羨慕）$...
57,店家:雞吉君,拉麵名稱價格:塩味雞白湯拉麵270、豬叉燒60、拌麵（180g）130,配置預設從板橋做了快一小時的捷運，到時候已經11:25了，看到前面滿滿人潮心想又要排很久了，不過比想像中快很多，簡單看了社團食記，大概知道要點什麼，很幸運拌麵還有廚房內場三人，外場兩人，外場還有一位會出去看排隊狀況，翻桌率算蠻快的，店內明亮，整體上蠻舒服的雞白湯湯溫保持的不錯，吃完麵湯還在冒煙，由於是鹽味雞白湯，喝不太到雞白湯有的濃郁味道，反而是溫醇且淡淡雞白湯味道，大量使用紫洋蔥跟蔥讓湯層次多變且更加順口附兩片豬叉燒跟一片雞叉燒，個人感覺豬叉燒比雞叉燒好，豬叉燒本身鹹味外沾一點檸檬在肉上，些許檸檬酸味讓豬叉燒更加有層次，...
58,店家:有囍拉麵中山店,拉麵名稱價格:菌菇松露雞白湯/300、奶油拌飯/60,配置日本鹹、麵硬看到有囍粉絲專介紹加上*限定*我就不請自來想嘗試看看味道，到的時候17:24前面也沒很多人，算是小確幸，等待期間發現這碗製作有點久，假日有要去的麵友需要耐心等待麵上來店員會介紹怎麼喝會比較好，可以分兩層味道，第一層是原湯、第二層是拌入松露醬後原湯，原湯屬淡淡蘑菇雞湯味道底蘊有類似起司鹹味，喝起來很滑順所以不經多喝幾口，拌入蘑菇後原湯鮮明許多，菇類香氣提升許多，再拌入松露醬原湯濃醇香都提升到另一個層次，原本不鮮明奶味活蹦亂跳，簡直是兩種不同的湯頭，之前其實不太喜歡吃松露因為味道實在是太搶戲了會直接蓋掉食材原本...
59,店家:麵屋武藏台中首店,拉麵名稱價格:限定五輪洞黑角煮拉麵280,配置+99元set明太子叉燒飯+烏龍茶學生證送揚出豆腐延伸:#段考提神很早就在之前社團的貼文有見識過這碗拉麵，自己是蠻喜歡角煮的，剛好這周遇上考試有空閒可以在第一天開賣就跑來吃。限量30碗，雖然在平日害怕太多人好一陣子沒來吃武藏了，在台中的拉麵店吃過幾間，武藏雖然離自己較近但價格也略高，加上七面鳥跟鮭大助的限定實在是太吸引人了，後來都沒再來訪。上麵後映入眼簾的是兩塊大塊的黑角煮，比例較為瘦，咬一口帶甜味還不錯，湯是豚骨魚介的混湯，顏色深邃而味道濃郁，鹹度很夠。湯頭的配料有蔥、筍干及柴魚片，柴魚片泡進湯中一起品嚐更有不同的風...
60,店家:勝王,拉麵名稱價格:黑蔥蒜麻油會臭的豬頭豚湯柳麵/300元,配置加點伊比利豬叉燒/加點澳洲和牛背肩心得:好一陣子沒有吃拉麵了昨天看到勝王的菜單說有推出豚臭豚骨就心動了不過老實說我很失望失望的點在湯頭的部分我是個非常喜歡湯頭有豚臭的人這種東西就像臭豆腐會越吃越香愛的人超愛不愛的人肯定是退避三舍自從林口的江龍軒更改品項後大概就只剩下新竹的一辛舍有豚臭湯了既然勝王推出了豚臭湯那我當然是去嚐個鮮不過就如開頭所說的我很失望這碗最大的敗筆應該是黑麻油勝王黑麻油的分量真的太多了導致會把湯頭的味道完全碾過去沒錯「碾」這個字最能形容這情況￼￼黑麻油太多不只是影響湯頭原本的味道還導致吃到後期會全部只剩...
61,店家:京都柚子豚骨拉麵研究中心2.,拉麵名稱發明一號京都水尾產柚子胡椒辣味豚骨拉麵230溏心蛋20、白飯20、柚子胡椒唐揚雞906.,配置日本濃度、細麵、硬麵紫洋蔥、柚子胡椒、柚子絲、小松菜、豬叉燒*2、極厚海苔*17.心得:入口處有食券機，可以收悠遊卡跟使用發票載具，吧台有十個位置，另有五張雙人桌。有提供冰水、茶跟熱湯在入口處。還有一個按了會後悔的開關，我怕會後悔所以沒按。由於排風機跟空調室外機都在入口位置，以後排隊，應該會在中間的捷運帶狀公園那邊，跟鷹流蘭丸一樣。店內內場五個人、外場兩個，內場兩個日本人，一個顧湯鍋、一個煮麵，其他臺灣人都站在旁邊，不知道是不是還在熟悉店內運作？但是看起來像是太早開幕，人員訓練不足的樣子。我坐在吧台，應該是由吧台內端麵...
62,店家:山越拉麵總店,拉麵名稱價格:八幡屋七味麻婆豆腐豚骨拉麵/200,配置預設延伸:感謝招待溏心蛋今天又來吃了（？？？？本來是沒要來吃剛好看到粉絲專還有，賭了一下運氣索性跑來，因為雞白湯賣完了變相有了豚骨這個選擇，今天的人潮意外的少才30幾號，我昨天拿到的號碼牌是65號，沒什麼排隊的感覺真好，有跟老闆稍為聊了一下，蠻有趣的，老闆還以為我是外地來的不過我是正港嘉義人啊w只是來的時間有點晚沒辦法搶頭香口味上很符合我的胃口，山越的豚骨有一種甜味，老闆說熬豚骨討厭背脂所以有用蔬菜下去熬湯，所以才有這個甜味，個人覺得很天然的味道（？麻婆豆腐配豚骨雖沒雞白湯順口好喝，不過相性依舊不錯，豚骨蔬菜甜味帶出微...
63,店家:麵屋武藏神山,拉麵名稱價格:限定雙刀拉麵390,配置正常，加麵，胡麻油菜，泡菜，可爾必思#武藏鐵粉#被拉麵店耽誤的專業肋排雙刀拉麵上桌時，看起來很震撼！(有替身攻擊的壓迫感)本以為碗裡肉太多，湯會變少，事實證明不影響整體性，記得要加蒜，吃起來才過癮。(最近蒜頭真的貴)雙刀肋排超大支，看起來很紮實耐咬，其實不然，嚼起來軟嫩，非常香。另有一片大塊的厚切叉燒肉圈圈，這讓我下巴有點負擔！強烈建議點份泡菜，來配肉排一起吃。武藏選用的泡菜偏甜但是好吃，吃膩肉排可以吃泡菜轉換口內味道。粗麵就不多談，可圈可點。本次限定是濃郁魚介湯頭，魚介4:豚骨1，在濃郁魚介湯中可以嚐到淡淡地豚骨香。...
64,店家:沖繩本也拉麵竹北店,拉麵名稱價格:有很大海苔和三種肉的那一碗，價格三百初？,配置預設有三種肉，除了定番的炙燒叉燒肉外還有日式的角煮和雞肉叉燒，之前來的時候老闆就阻止我點這碗麵，說我會吃不完。但是為了吃到三種肉，這次又來點這碗麵了。喜歡這種有濃厚豬味的豚骨湯，不同於定番的部分還有濃濃的蒜味。吃一半後加一點桌上放的水果醋有轉味的效果，很好吃不會膩。然後我最喜歡的就是有滿滿像山一樣的高麗菜！豚骨湯配高麗菜真的超好吃！去巨城旁邊的橫濱家我也會加點高麗菜。這家店每次結帳的時候老闆都會問我有沒有吃完，我每次都沒有吃完，以為吃得完結果吃不到一半就不行了，真的很大碗。💦這次他多問了我要不要打包😳😳，所以就第一次打...
65,店家:麵屋武藏台中店,拉麵名稱價格:限定五輪洞黑角煮拉麵280元+30第二次加麵,配置正常雖然久仰這碗的大名而且公司在附近但無奈午休才1小時根本沒機會吃又知道是限定30碗覺得晚上肯定沒有就抱著點定番的心態來嘗試台中武藏結果登登！我下班來居然還有五輪洞（喜極而泣整體來說偏甜這點跟台北武藏很像但沒台北那麼甜事實上我覺得武藏台中比台北優一點角煮當然是重點肉軟綿密入口即化彷彿吃到了懷念的角煮肉專賣店阿鬼（喂⋯粗麵體跟在神山吃沾麵有點像但感覺又更Q彈一些湯頭整個就是角煮肉味配上筍乾超美味しい😂剛剛特別問了一下店員今天還剩八碗！已放棄的朋友你們還有機會（也最後一天了！！！$...
66,店家:麵屋武藏神山,拉麵名稱價格:（限定）雙刀叉燒濃厚魚介拉麵/NT.390,配置基本正常武藏的限定很值得排，因為武藏的定番普普，限定卻會躍升三倍好吃度。今天明明起床後沒吃東西、空腹前往，這碗我都差點吃不完！而且我沒有加麵，也就是這碗正常份量就很恐怖，肉太豐厚，湯頭濃郁，吃完三分之二時我竟然起了（能不能打包啊？）的投降念頭，最後還是喝喝水慢慢吃吃完了。（通常我吃飯蠻快的，加上拉麵店想說後面有人等，都會快快吃，但這碗無法）推薦前往，只有11/11~13有，需注意的除了份量之外，就是備餐時間比較久，因為每塊肉都要現烤，入座後要再等一下。$...
67,店家:山越拉麵總店,拉麵名稱價格:山越限定八幡屋七味麻婆豆腐雞白湯拉麵/280,配置八幡屋七味、雞白湯、低溫調理豚肩胛肉、四川青花椒、特製風味辣油延伸:感謝招待美味拉麵需要等待，這碗有驚艷到！上次拉麵限定沒吃到有點可惜外，很開心能吃到這碗限定麵！這碗不是直球勝負給你辣的爽度而是點到為止給你慢慢享受辣的拉麵，麻婆豆腐鹹中帶辣，吃到中間花椒椒香給舌頭帶來味覺饗宴，層次更豐富！雞白湯很濃郁乳香味喝起來很滑順，配上麻婆豆腐有降低辣度，湯溫整體保持不錯，七片低溫調理豚肩胛肉肉色方面很漂亮！口感水嫩外帶些微豬肉本身鹹味，吃起來很過癮，不過不知道有沒有增加量看起來我的比較多（？溏心蛋這次是招待！雖然不是ㄍㄡㄍㄡ溏心...
68,店家:拉麵公子區　　域:中崙大潤發用餐時間:11/11（三）17:30排隊狀況:15:00排名第2位,拉麵名稱奇怪的拉麵增加了之水泥煮干拉麵330,配置:鴨肉飯聽說有家店的煮干好濃好便宜的。總而言之，言而總之。之前聽到小道消息稱這家玩煮干玩到失心瘋的店決定要出水泥煮干拉麵，我就一直期待對我這種舌頭壞掉的人來說，合不合我的胃口。當我還在外面排隊的時候，就依稀瞥到公子拿著一碗麻醬麵出來拌，原本想想只是公子在吃午餐的我定睛一看，原來就是今晚的水泥煮干。整碗麵的風味就是濃厚的煮干味，湯本身因為太濃的關係，基本上不要肖想可以喝到湯，鹹度本身還好而已，但是濃厚的程度是會咬嘴唇的那種，吃到一半的時候就會沒湯了。整體而言，鹹度比鯷魚醬油還低，但濃稠度真的不是跟你開玩笑的，湯匙插在上面...
69,店家:山下公園ラーメン:台中第六市場/金典綠園道三樓用餐時間:2020/7/1919:30排隊狀況:排隊約30分,拉麵名稱價格:焦蒜豚雞濃湯+套餐(煎餃*6+水果茶)/NT.210+100,配置麵硬、日本鹹度、山下拉麵幾乎每次來台中都會路過來找胖虎吃拉麵，已經是個習慣了。比起上次來，旁邊的泰式料理也變成山下公園一部分，店面變得更大但排隊的人潮也變得更多。胖虎推薦我試試看焦蒜豚雞濃湯系列，我又再加點了餃子跟水果茶。焦蒜豚雞濃湯Z配置雞叉燒、豬叉燒、鵪鶉蛋、海苔、菠菜。先上來的是煎餃跟水果茶，整片黃金色的脆餅皮看起來就很療癒，在胖虎強烈的建議下，試了點他們自己做的辣醬，跟餃子很搭，會把肉的鮮味帶出來。主角焦蒜豚雞濃湯，深色的湯面撒了一層蒜片再淋上黑麻油，看起來就是髒兮兮的(笑)；湯頭醇厚濃郁，香氣和諧帶著焦香，喝...
70,店家:烹星,拉麵名稱乾物清湯叉燒拉麵300,配置加番茄30，點不到炊飯…QQ香到爆！！不是真香的香，是真的有夠香（說人話）碗一放下，撲面而來的是乾物特有的深沈香味，依照習慣先一口湯，那種曾經因脫水濃縮的韻味在熬煮後沒有減弱，反而在嘴裡散射展開，心情整個大好。麵條大概是中粗寬麵，比較印象深刻的還是那個神奇的長度...這麵長大概超過50公分吧（亂猜），第一口吃到懷疑人生，以前沒有吃過這麼長的麵啊…不知道能不能加麵，但想到加了可能吃不完就還是快快樂樂的乾完湯就好。那個湯真的棒（狀態:輕微成癮）對拉麵一知半解，流於感覺描述還請見諒。$...
71,店家:七面鳥:台中市西區地點:公益路段純貞巷內,拉麵名稱價格:極雞(300),配置太麵、日本味用餐時間:10/27美味雞泥！前些年偶然陪人去有囍，在完全不懂的狀況下點了極濃稠且被嚇到，從此一直認為泥狀是死穴；這次在朋友推薦下造訪這家，讓我改觀。其實這碗上桌先是傻眼，因為蔬菜都油炸、葉菜是美生菜，完全不符飲食偏好啊。但嚐過後覺得是經過精算的巧思。湯沒話說，雞骨與肉的風味明確，濃稠但還不到有囍程度，溫潤不膩非常好喝（吃）。而味道有相對，也有絕對:雖跟有囍相比「清淡」，但和一般食物肯定是「濃厚」，這樣想來能做到不膩口確實是高手。而蔬菜或許正是原因。雖油炸處理但未再調味，香菇、玉米筍跟南瓜都只斷生保留原味，...
72,店家:橫濱家系ラーメン大和家,拉麵名稱價格:鹽味拉麵+叉燒/NT.220+50,"配置麵硬、鹹度普通、油脂普通遇到買一送一的活動，既使中午艷陽高照，還是拉著朋友一起來排隊吃傳說中的""""家系最強""""。鹽味拉麵Z配置叉燒*1、鵪鶉蛋、海苔、菠菜。家系拉麵的標準配置，豚骨湯底加上菠菜與鵪鶉蛋，最好加點一碗白飯做湯泡飯。曾經有一陣子我很愛吃大和家，但這次不知道是氣溫的關係，還是人潮太多難以控制品質，總之跟我印象中的味道不太一樣。加點叉燒炙燒過的焦味有些過頭，湯頭表面依然漂浮著油脂把味道鎖住，但似乎多了點腥味。麵條表現倒是跟記憶中的差不多。滿分10分我會給8分。不管怎麼說，這還是一碗很不錯的拉麵。只是對比記憶中和..."
73,店家:山嵐yamaarashi大安店,拉麵名稱價格:白系豚骨230炒角叉燒（小）80,"配置白洋蔥丁、蔥花、叉燒、高麗菜、木耳又是我，要刷新味蕾的方式就是再吃一碗好吃的拉麵😂😂，今晚我想來點來自 北海道札幌,:豐平區平岸的山嵐😂😂一入門是自己操作點餐機~隨後職人師傅們會親切帶位,師傅會溫馨提醒麵的軟硬度跟豬背脂的濃度,我還年輕..所以今天不怕油直接直上『豬背脂100』100是日本標準濃度喔,為何叫他們職人師傅呢,是因為他們真的好認真好日系(?)每個服務細節都很注意完全是遵從日本SOP的一家店!客人的冰水會補剛好的量不會太冰撈冰塊的勺子也有分開放整個工櫃檯是很乾淨的此分店店面呈長條形不但座位與座位間不壅擠,也沒..."
74,店家:烹星,拉麵名稱乾物清湯特級叉燒餛飩拉麵,配置加番茄、炊飯在本版潛水許久首發獻給這家這碗清湯喝下去的第一口真的很驚艷。相比海鮮或其他內容物，乾香菇精華感受我是最深的，順口到難得讓我把湯給喝完。麵體部分跟以往我認知的展現不太一樣，看起來很普通，咬下去的口感卻也很令我滿意，是有嚼勁的那種。主角餛飩，不知道是不是湯頭表現過於優秀，反而沒令我有特別的印象，但仍是中規中矩。倒是魚板的小巧思十分特別，也提升這碗拉麵的表現。總結的話我覺得是一碗適合推薦給身旁友人的拉麵，口味不會過於強烈，相信是大多數人都能接受也會喜歡的。$...
75,店家:はま寿司,拉麵名稱價格:W鯛魚拉麵120,配置布丁聖代上年今天20191110感恩能參與一份子，2019麵屋武藏本店麵聚，跟大家一起吃麵聊天，一百分滿足，時間過得很快不經不覺已經一年，今年因疫情關係不能到台灣跟大家見面和吃高水準的拉麵，希望疫情快點完結，好等大家可以正常過社交生活，祝大家安好，身體健康。麵屋武藏北車店限定！限量25碗$...
76,店家:太陽蕃茄拉麵,拉麵名稱價格:太陽海味蝦拉麵260,配置日本味，改成寬麵，免費加麵，70小菜優惠（咖哩可樂餅+毛豆）太陽蕃茄拉麵的服務好，店員熱心親切，且不用加服務費！現在點餐的方式是用你自己的手機點菜，待位後，店員會遞上一張小紙二維條碼，等快15分鐘喝了三杯茶，店員才注意到我還沒有點菜，走來向我親切的述說點菜方式。太陽拉麵奉的飲水，是無糖綠茶，很淡的綠茶，比起有些店使用過濾水，還要周道。拉麵送上桌，撲鼻而來是淡淡的鮮蝦味，及些許蕃茄味。（類似羅宋湯）湯頭嚐得到濃郁的蝦味，後韻是稠密的番茄汁，且會燙口，非常好喝，菜單上有特別註明小辣，完全嚐不到辣味，如果辣味可以再強烈點，也...
77,店家:真劍拉麵,拉麵名稱價格:豚骨拉麵260，鹽味翠雞250，醬油拉麵240,配置無調整延伸:#加麵ㄧ球★人應到齊再排隊…★門口點餐機結帳後再入座★可免費加麵一球/半球★建議單人來食麵前的事在另篇文討論了，這篇純照片跟點評。因為與家人一同來吃晚餐的關係，3種湯頭都點了一次踩點一起試，也一起分享給大家參考。家人點的是鹽味翠雞，藍色蝶豆花的湯頭應該是本店吸引女性顧客來的主因(看到女生約80都點藍色湯底)，上來後視覺效果十足，口味的部分鹹度滿高的。附上檸檬片要儘快取出以免苦味入湯，可以當中間轉味使用。我主點的是醬油，因為好久沒吃到厲害的醬油拉麵，期待這裡的表現不知道能不能達到我心中好吃的目標？拍照後第一口...
78,店家:烹星,拉麵名稱價格:乾物清湯拉麵,配置害師傅被扣錢第二天烹星營業雖然被禁止進入了，但我還是闖入了（害師傅被扣錢了Sorry）跟昨天一樣好吃，不過魚板上的芥末又讓口感跟風味都有不一樣的呈現方式吃起來又是不一樣的感覺#感謝招待$...
79,店家:山下公園ラーメン:台中第六市場/金典綠園道三樓用餐時間:2020/10/166:00pm排隊狀況:5點左右到場排隊約等60分,拉麵名稱價格:德島拉麵240元,配置麵硬，肉增量山下拉麵—德島拉麵食記「肉量不少，付出不多」德島拉麵，一種在二戰中誕生的拉麵，不過到了1999年才開始有知名度，特色是用中細拉麵搭配濃郁醬汁熬煮的豬肉片為配料，大概簡單介紹完後，我們馬上進入正題吧～「不然等一下去吃這個啊～」我的朋友遞出他的手機。「這是什麼？」我簡單的問了一句後，就開始看起手機上顯示的內容。「山下德島拉麵肉的戰爭啟動」那是一張拉麵的圖上面寫的標題德島拉麵？？什麼是德島拉麵？？從來沒有聽說過的%.G拉麵名稱，我覺得至今我也聽過不少拉麵的專業術語了，但德島拉麵真的是我第一次聽到。「那你會待到幾點...
80,店家:ラーメン二郎　中山駅前店排隊狀況:奇蹟直接入座,拉麵名稱價格:大碗豬肉拉麵980円、加一點麵(免費),配置蒜很多油很多薑一些近來才在稍微吃麵節制些，第一次遇到中山二郎有提供薑，便前往稍微小試一下，並且也好陣子沒去。如往常的配料再加了點薑；今天湯醬油感特強，和薑味搭起來香氣十足濃郁；不過薑的辣度著實太高，加上又點了蒜最多的量，最後完全苦戰於這些辛香料的辣度。吃完暗想下次要點小碗，但這種天真的想法一定到時又會被推翻點了大，我怎麼就管不住這手呢。想說要克制，不過閨蜜絲毫不看好，還挑釁「就算我再胖20公斤也是比你瘦」「妳B嘴」(惱羞☆翔大拉麵☆11月8日下午五點☆無排隊☆黑蒜油豚骨拉麵/200元☆麵硬、加背脂:在我桃園的好友嘉宏跟...
81,店家:烹星,拉麵名稱乾物清湯拉麵/260,配置原配置感謝社團強大資訊，看到Po文時剛好距離五分鐘車程。清湯類型一直都是我的最愛，這次烹星的乾物清湯拉麵更是準準打中我。先來說說乾物吧！乾物在中華料理其實很常見，古時候為了讓食材能保存更久、更方便儲存和運輸，將食材風乾或曬乾，等到要用時再泡發。經過這道工序的食材，整個鮮度更大提升，很像是肉類的乾式熟成，把風味濃縮鎖到最精華！整個湯頭只能用極鮮美來形容，雖然是清湯，但整個厚度被菇類乾貨、海鮮乾貨一起撐起，就像濃縮了整個大地母親的愛，在嘴裡感受著和諧的溫潤。原配置的扁麵非常Q彈，搭配著這樣的湯體真是天作之合，絕配！吃到一半...
82,店家:竜亭食事処,拉麵名稱價格:辛味噌拉麵（170元）、地獄拉麵（180元）、胡麻嫩豆腐（50元）、可樂餅（40元）,配置辛味噌拉麵與地獄拉麵皆為2顆辣椒的辣度（老闆有告知可以再調整）。麵硬度與湯頭濃度為店家預設。友人住家附近開了一間新的拉麵店，好奇心驅使之下前來踩點。我點辛味噌、友人則點了地獄拉麵。兩者相比，我覺得辛味噌是味道是比地獄豐富的，雖然湯頭喝到後面有點平淡，但整體表現是對得起這個價格的。筍乾則略帶筍乾特有的醃漬味，我自己是比較不愛。溏心蛋呈現膏狀，還不錯，味道跟湯頭對比之下調味偏淡。其他配料則為黑木耳絲、海帶。麵體是細麵，加15元可以更換為烏龍麵，有興趣的朋友可以試試！胡麻嫩豆腐搭配下層的生洋蔥絲相當解膩，可樂餅我就沒吃了，但...
83,店家:東京板前拉麵,拉麵名稱價格:經典醬油拉麵180,配置海帶芽、豆芽菜幾根、豬叉燒*2片左右是「台灣拉麵」無誤！大家可以撤退了😂看起來很有樣子但就是台拉！！我以為我在喝醬油水感覺不到一點點的豚骨🤣🤣🤣，老闆說每一碗都是豚骨熬的湯底。。。唯一值得稱讚是蛋是半熟啦圖片是全熟還有可以免費加麵加湯（？）想來吃粗飽的人可以來哈哈要加麵記得點餐時說喔不然會被噴沒有先講🌚很久以前東京板前台南店曾經主打1.料理職人開業40年。2.拉麵傳承正宗日本師傅口味。3.食材真實看的到。（｡́︿̀｡有爬過文想說新開店有沒有可能變好吃，所以還是想試試看XDD）五點開始感恩沒錢買票卷機先擋著先終於等到🍅王...
84,店家:山越拉麵總店,拉麵名稱價格:八幡屋柚子七味雞清湯拉麵(醬油）/260,配置麵硬湯濃普通醬油口味是第一次嘗試，這次點了湯濃普通果然是正確，之前點醬油湯濃有太鹹狀況，溫醇醬油輕觸舌尖達到完美平衡，叉燒方面維持水準，這次溏心蛋吃下去會爆漿超爽，順順喝完湯很享受，醬油鹹香、柚子皮去膩、七味粉辣味使這碗麵更好吃，吃完讓人意猶未盡 🏯台中首店雙11限定:日本五輪洞黑角煮拉麵售價280元📍銷售日期:2020/11/10(二)2020/11/12(四)📍販售碗數:30碗/日📍販售地點:台中首店　　　*會於開賣前半小時(10:30)開始發放號碼牌*乙張號碼牌，限點購乙碗限定麵⚠絕版限定麵屋武藏每家分店都有自己...
85,店家:真劍拉麵,拉麵名稱價格:豚骨拉麵260,配置正常，麵硬，加蒜30，免費加一球麵想當年不是讀師大的我，也在這裡混跡2年，這裡環境變化真大啊！真劍拉麵，位於台電大樓捷運站3號出口附近，交通方便。該拉麵店，只有一個小沙包，一個若大的落地窗，沒有醒目的招牌，要不是有人排隊，很容易錯過位置。店內只有八個座位，通道也很擠。如果體型偏大的食客，坐下來一定會跟左右鄰座的客人互相肘擊！坐在吧台的中間，正好面對料理台，可以看著大廚製作拉麵。水杯很特別，底部是凸的，可以一直轉一直轉。真劍的豚骨拉麵，很濃郁，偏鹹，吃來很過癮。拉麵麵体只有100g，加麵也是100g，真劍是用細麵，100...
86,店家:麵屋秋鳴 地址:402台中市南區文心南路715號 ,拉麵名稱/價格:薑母鴨拉麵2.0/260,60 配料:蔥絲/枸杞/鴨叉燒/雞佛/菇菇數種 配置:無調整 延伸:狸匠系列每個月都會有新限定之前曾經想一趟收完，這次終於成功了。這是狸匠一日系列P1秋鳴店鋪位置在大馬路邊有些許停車格，附近繞一下也算好停車。裡頭主要是吧檯為主點餐要到櫃檯平常就蠻喜歡吃薑母鴨的，霸味/帝王/周皇，其實都各有特色這碗薑母鴨~是我吃過最棒的薑母鴨因為做成麵，湯底更厚功，大概像是吃薑母鴨到鍋底才有的濃厚滋味。叉燒很好咬，不像火鍋的肉超硬不好咬。配料也是完全無違和雞佛不敢吃的人很多這碗放心吃，沒什麼特殊味道，很棒的總之~這碗薑母鴨非常能代表台灣極具特色...
87,店家:激勵軒 地址:411台中市太平區樹德路122號 ,拉麵名稱/價格:黑金烏雞燉湯拉麵/260,60 配料:紅棗/川七/南瓜/紫山藥/冬瓜/蛤蜊/烏骨雞 配置:無調整 延伸:狸匠系列每個月都會有新限定之前曾經想一趟收完，這次終於成功了。這是狸匠一日系列P2激勵軒可以坐火車到精武站，再轉車前往店內只有長條吧檯座位入內有點餐機，可以直接買餐券這一碗燉雞湯因為老菜脯讓湯異常甘甜👍不僅僅是烏骨雞的好味道而已原本我對這種老菜脯，觀感不是很好（總覺得不夠時尚）但是味道卻是最好的♥烏骨雞肉也非常鹹嫩好吃而且整碗的配料都非常大器根本殺老闆的頭在賣XDD一開始我個人原本沒打算吃這碗沒想到吃完一圈之後我們一致評價最好XD#畢竟那海量的烏骨雞...
88,店家:鮭之大助地址:向上路170號用餐時間:18:00排隊狀況:無,拉麵名稱繁盛極濃鮭白湯360很早就想來吃,來吃鮭白湯了第一次來吃的時候就徹底愛上魚湯鮭魚刺身厚度很夠鮮甜的滋味加上厚實的口感比去迴轉壽司店還爽鮭魚卵也是毫不吝嗇的大放送湯頭喝起來就像是在吃魚一樣鮭魚的精華都濃縮在湯裡了我吃完之後去喝特濃鮭白（我朋友點的）感覺沒味道ww不過魚肉配著湯一起吃的話會顯得無味麵條是採用粗麵掛湯力很夠雖然麵條偏軟（我是喜歡吃極硬的）但感覺這樣魚湯跟麵條的融合度比較好所以也是吃得很開心話說有看到麵友吃到比極濃還濃的版本是只要預約就有還是要跟老闆很熟才有這種特別服務我也想吃到水泥湯ಥಥ$...
89,店家:五之神製作所台灣,拉麵名稱價格:週二限定雞白湯拉麵180叉,0叉燒x2、糖心蛋x0.5加飯20豪華配餐70（叉燒x3，溏心蛋x1)完食感受:衝著週二中午幾乎知名拉麵都休假的氣氛～（其實想哭😭），只有五之神在信義區給我溫暖了～坐上吧台，享受第一時刻拉麵上桌的快感！迎面而來的是超濃郁的雞湯香啊～（有台味跟日式湯頭可以選擇喔）先試了一口湯，感覺等等加飯應該絕不會失禮了！夾起叉燒才發現，天啊！這片肉還真大塊！超乎想像！口感軟嫩很適中，燻烤味較清淡！再來就是重頭戲，我選了硬麵，非常有口感，或許下次可以試試超硬的感覺～值得一提的是，配菜中的筍乾，香脆多汁，算是近期攻佔眾多拉麵中，個人較偏愛的一款。...
90,店家:Hirosらぁ麺kitchen新北新店店,"拉麵名稱拉麵(細麵,麵硬)用餐日期:20",2020/11/1917:30(頭香)價位:240地區/%鄰近地點:新北市新店區/捷運七張&大坪林站我的拉麵食記粉專#拉麵君https://m.facebook.com/ramenjun0512/?ref=bookmarks近日看到社團消息，來自新竹的hiro要開設第四家分店，而且竟然選址正好就在我的故鄉新店!於是在確認今晚開幕後，便提早半小時來到現場等候進場，沒想到還意外成為了本店的第一個客人XD店內的裝潢格局與一般拉麵店較為不同，雖然店址亦在小巷之中且僅有八個座位，但內部空間寬敞，甚至還有沙發候位區，用餐環境可謂賓至如歸般...
91,店家:蒙古タンメン中本東京上板橋本店,拉麵名稱價格:辛旨味噌タンタン麺太久沒辦,沒辦法過去日本吃拉麵。剛好太太從日本訂一箱泡麵回來解解饞。以前在日本吃中本的機會比較少。這是一款我覺得泡麵比本店好吃的泡麵（誤）🤪🤪🤪配置大致上跟店家的差不多。只是是乾燥的高麗菜跟豆腐和一些辣味噌粉。味道跟日本的說實在差異性不大。但麵條我偏愛泡麵的口感😂😂😂。雖然只是小小一碗。吃完卻是大大滿足。吃麵時候湯汁吸附在麵條上味道很足，可是麵吃完後，剩下的湯會很鹹。建議是加點熱水或是配白飯吃也很對味。跟麥香一樣對味😎新店家情報「新北三重丸宗拉麵屋」開箱文陰雨綿綿的天今晚，我想來點溫潤醇厚的雞白湯🍜$...
92,店家:丸宗拉麵,拉麵名稱滿盛雞白湯拉麵360加點溫體豬叉,豬叉燒50中午被星大的貼文燒到下班後就直衝三重了。Google的導航點會把你引導到小巷子裡店址在大馬路龍門路上，請注意。採屋台式方式經營，位子較少（約8席？）進入主題:雞白湯的完成度相當高，溫潤醇厚，口感滑順，帶有一點膠質，喝下去後可以感受到嘴唇微黏。味道濃郁卻不過鹹，點了「味鹹」仍然能夠輕鬆喝完，意猶未盡。干貝鮮甜可口，海味明顯，一口吃下帶有些許湯汁，很是過癮。溏心蛋是屬於咬下去蛋黃會噴出來的那個狀態，味道香甜，齒頰留香。麵體部分僅提供細麵，扒湯能力尚可，點了麵硬對我個人而言還是稍偏軟，喜歡追求齒切感的麵友或許可以問看看老闆...
93,店家:荷麵亭,拉麵名稱價格:秘製辛豚骨拉麵250小菜（,菜（海鮮蔬菜卷70）原本想排隱家今天的限定拉麵，但是晚到了一步已經排很長了，因此選了附近分數算高的荷麵亭來嚐鮮。秘製辛豚骨拉麵還滿神奇的，湯頭顏色和一般拉麵並無差別，但是卻能感受到溫和的辛辣味，十分的舒服。麵條無法選擇硬度，但是屬於有嚼勁的細麵。配菜方面只有兩片薄叉燒和半片糖心蛋以及大片的海苔，並沒有豪華的擺盤。整體而言個人覺得還不錯吃，但是cp值又不是特別高。就是今晚！！沙漠居民...該集合了吧？(公休日目前訂在週二)#拉麵一番星/台北市內湖區%鄰近地點:西湖市場、西湖捷運站#SP超背脂拉麵醬油(還有味噌口味可選)250(中...
94,店家:麵屋千雲,拉麵名稱魚介雞白湯沾麵360柚香鹽味雞湯,雞湯拉麵（小190）千雲是第二次拜訪了，一直很懷念當初的味道，因此特地去品嚐一下。不過這次的享用，卻找不回當初的感動...也許是因為品嚐太多雞白湯倒致口味變挑了。同行的人點了小碗的柚香鹽味雞湯，他剛喝一口就冒出了，這和泡麵湯頭好像。自己在品嚐後，覺得並沒有那麼誇張，但是雞湯內的柚香反而沒有帶出另一種層次。（清爽口感個人更愛永和辰拉麵）至於我自己品嚐的沾麵部分，我區分成幾塊給大家參考麵條:十分有嚼勁，個人非常喜歡（感謝指正為三合屋製麵）沾麵湯底:吸附麵條的程度很差，覺得不夠濃稠，但又太鹹湯底配料:雞肉丸子大推，內有雞軟骨，咬起來...
95,店家:麵屋零,拉麵名稱大胃王二郎300★樓主不鼓勵無謀,無謀的大胃王挑戰，請正確認知自身食量，量力而為★吃不完剩下來的份量是對店家的失禮，也是浪費食物的行為★樓主本身是拉麵特盛吃完要加麵還要單點叉燒飯的肥宅，提供給大家參考第一次嘗試二郎系就是大胃王，現在看來簡直是挖坑給自己跳的行為本來份量就已經不小的二郎，大胃王份量直接是普通份量的兩倍，店員把拉麵端上桌的時候我確實懷疑了自己的人生，跟山一樣高的豆芽菜，以及底下兩球的粗麵條讓人興起想要放棄的念頭老實說看到這樣大份量的食物，我已經無暇顧及食物本身的味道，滿腦子只想著要是吃不完怎麼辦，還好最終花了50分鐘還是把他吃完了感謝天感謝地，感謝...
96,店家:神樂軒,拉麵名稱一品雞白湯拉面+醣心蛋240、藤,、藤椒雞白湯拉麵+醣心蛋240，二次都有加點雞叉燒50，醋良京價格忘記...記得去年PO過幾次新竹區的拉麵文，常常會感嘆新竹雖然進入拉麵戰國時代，但雞白湯市場除了少數如神虎、嵐沺偶而會有限定品外，整個市場仍有著發常大的空間。但在今年，許多新的店家開始投入雞白湯的市場。而神樂軒的出現，那種濃厚雞湯的呈現，某方面也是呼應了自己期待這次吃的一品拉麵，之前看到的評價，說因為湯頭加了蔬菜泥後，變得非常濃稠，此外也有些人覺得湯頭的醬油味道太重，有點搶戲。我自己吃起來的感覺，濃度的部分略高於鳥人、麵屋武藏本店，但還是「雞湯」，而不是像雞吉君...
97,店家:五之神製作所,拉麵名稱價格:燕三条拉麵/260五之神每,神每週限定除了大量使用一些特色食材加好加滿之外，偶爾會出一些日本當地的基本款，有時候是地方特色拉麵，有時候是一些日本正流行的拉麵，通常這類拉麵因為不像其他限定那麼熱門，假日場可以1點後再去都還有｡本周的燕三条拉麵也是，前一晚看了粉絲頁的分享數，心裡大概有底知道這碗限定大家興趣不大，星期五的12點多慢慢晃去吃，店內客滿但看起來沒幾桌點限定｡可能跟店員介紹也有關係，店員介紹限定都說是豬背脂拉麵，讓一般客人難以下手，其實這碗的背脂下手沒那麼重，跟煮干及醬油三者互相平衡，鹹香鮮味油脂厚，搭配五之神自製的捲麵，這種厚一點的湯搭配這種麵真...
98,店家:吾妻拉麵うちラーメン 　地址,拉麵名稱原味雞白湯拉麵160元,0元　　經過時看到小攤車上「雞白湯」的布簾，我訝異嘉義市又多了一家拉麵嗎！？這家拉麵是在小肉冰菓室的位置，看來是夏天賣冰、冬天賣拉麵。雞白湯湯頭不錯，有濃郁的醇味與香氣，但總感覺還欠了點層次，我的味蕾告訴我還想要多點驚喜的感覺。我喜歡雞叉燒，吃起來帶有炙烤的香氣同時伴著黑胡椒香。價錢平價，下次有機會再吃的話，我應該會試試看其他口味。另外，現場我好像沒看見有飲用水，雖然不是很鹹很重，但吃完還是想要喝點開水啊QQ討論請益文:想了解傳統「橫濱家系拉麵」的口味口感特色，以及是否能為「七面鳥」定義風格取向？$...
99,店家:道樂拉麵大北店,"拉麵名稱價格:橫濱家系拉麵230,蛤蜊豚",蜊豚骨拉麵250小菜:廣島牡蠣120中午吃完荷麵亭，感覺真的有那麼不滿足，說不出的原因，但是在處理完事情後，又想再來一碗拉麵!可是不想再去排錯過的隱家限定，因此挑了士林有名的道樂來解饞一下。麵一端上來，我就知道中午究竟少了什麼了，那就是氣勢阿～看那鮮美的蛤蜊，還有大片的叉燒，我感到一整天圓滿了。我就是愛這味!我主要品嚐的是橫濱家系拉麵，不過也順口喝了通行點的蛤蜊豚骨，真心愛那豚骨中帶有蛤蜊湯的海味，互相點綴，卻又不會互搶味道。而我點的橫濱家系拉麵也很道地，豚骨醬油、中粗直麵、大量海苔、翠綠青菜、大片叉燒，再搭配店內附的蒜泥，實...
100,店家:麵屋武藏神山,拉麵名稱價格:創始の味拉麵280黑醋角煮,角煮100先從角煮黑醋開始說起好了，平常來都是晚上，但到了晚上差不多也都賣光了！根本每日限量品，這次難得白天開店前來排也順便點了一份，驚艷度很高的一道菜，醋的味道不會很重，但一咬下去那香味真的直衝到腦門，不過一份是三塊，有些肥瘦比例不一樣，吃到瘦的比例比較高的就沒那麼喜歡，然而這一份三塊在搭配拉麵來說本身的叉燒來說，份量有點太多一次吃三塊蠻容易膩口，比較適合兩三人同行來點！再來談談這碗創始味吧！當然以前是沒吃過這碗，本身對它們使用的食材就很感興趣，尤其是有添加秋刀魚來熬煮出來的湯頭，湯頭的層次感跟甘甜味非常到位，算是碗醬油拉麵...
101,店家:鮭之大助地址:向上路170號用餐時間:11:40排隊狀況:無,拉麵名稱龍蝦蟹白湯沾麵420剛好段考完犒,完犒賞一下自己排開萬難也一定要吃到啊這是我目前吃過最貴的拉麵一進店內就聞到了香氣迫不及待的點了餐入座上桌就感受到視覺的震撼一整隻龍蝦鋪在麵上喝下濃湯便感受到滿滿的蝦蟹鮮甜味與甲殼香氣口感油潤味道溫和沒有想像中濃厚鹹度適中很快就把麵條掃光推薦加入檸檬片增加酸味海鮮跟檸檬真的很搭舒肥雞肉的熟度讓我想起之前七面鳥的安肝沾麵很怕再次吃到生肉味一開始就泡進濃湯中吃的時候熟度剛好$...
102,店家:烹星,拉麵名稱乾物蝦肉餛飩拉麵300/特級海苔,海苔（四片）30原本看到全天很興奮，所以下午三點就跑到店家確認，原來下午還是有休息的，所以四點多再次到訪。身為一位客家子弟，從小就習慣很多乾物煮的高湯，高麗菜乾、蘿蔔乾、瓠瓜乾…等，所以其實很期待這次的湯頭。湯一入口，或許是今天的第一餐，整個胃都暖起來了，好舒服的味道，那種乾物特有的些微酸味真的令人懷念，我真的可以喝上個好幾碗。麵條硬度無法調整但滑順的口感跟清湯很搭啊。瘦肉叉燒稍柴但是滷得夠透所以沒有咀嚼上的問題。肥肉叉燒較無感。清湯真的是搭配各類調味料的好夥伴，不論是柚子皮（？）、七味粉、辣油，跟清湯搭配起來都不會互相遮掩味...
103,店家:鳳華拉麵,拉麵名稱鷄煮干双湯魚介醬油拉麵(麵硬)用,)用餐日期:2020/11/03價位:180地區/%鄰近地點:台北市內湖區/捷運西湖站我的拉麵食記粉專#拉麵君https://m.facebook.com/ramenjun0512/?ref=bookmarks繼先前的麵屋昕家後，一股莫名的動力又把我帶來了內湖吃拉麵。這次到訪的店家是鳳華拉麵，亦是以泡系拉麵著名，但看了看菜單發現有煮干湯頭，完全吸引住我的眼珠，當下便決定下回再與泡系拉麵相見了。鳳華的煮干拉麵主要與醬油和雞湯底做結合，一入口不得了，由微苦的煮干味起頭，流至舌根時是醬油的芳醇，吞入喉中，油脂適量的雞湯溫暖了五臟六腑...
104,店家:麵屋武藏神山,拉麵名稱價格:味玉神山叉燒沾麵310是的,是的！又來洗一篇文，沒意外的話這週應該會蠻常跑這間店，主要還想嚐嚐限量的“秋刀魚煮干”跟“干貝豚骨”，可能會來個武藏食記的連發也說不定！首先習慣角煮後，真的是越嚼越香~~人活在這世上就是要大塊吃肉！肥滋滋口感還頗銷魂的，筍乾也是非常的入味，沾醬則是完全打中我心中的期待，濃稠度跟隱家的沾醬不相上下，但好死不死在這兩間吃沾麵都剛好坐到冷氣機下面，最怕就是沾醬降溫降太快，麵條一樣是粗麵條，但也因為冷卻過，所以口感上完全能接受，沾上這暴力濃度的魚介豚骨醬汁緊緊包住著麵條，沒有毛病，爽！就是沾醬太容易沾完了！有點少，但跟北車武藏的魚介雞...
105,店家:五之神2.,拉麵名稱濃厚豚骨蝦沾麵230、炸雞120,206.吃麵資歷:四年10個月7.心得:平常就很喜歡蝦湯的拉麵但來五之神總是吃限定今天總算有空來吃個沾麵筍乾跟高麗菜不錯沾湯裡面有幾塊肉肉沾汁覺得蠻不錯的之前在台中吃了蝦蝦拉麵元氣屋的蝦沾雖然不錯但我個人更愛五之神這碗（只是也講不出原因...）麵吃完之後麻煩了店員幫我加清湯（スープ割り）很好喝😋話說炸雞吃完超級飽下次跟朋友一起來的時候要分食一下拉麵$...
106,店家:勝王2.,拉麵名稱王董保衛爾350、M9牛胸120,20、蛋蛋306.吃麵資歷:從一風堂剛進台灣時開始7.心得:想不到竟然能成為王董0001啊☺️基本上跟上次的王董牛肉麵差不多一樣溫潤有層次，但今天的蛋兒好像有點太熟了，蛋黃比較沒有流動的感覺。碗裡三種肉吃起來真的非常過癮，總覺得該切個豆乾花生之類的來配一下🤤🤤🤤$...
107,店家:麵屋武藏神山,拉麵名稱價格:味玉叉燒神山拉麵300平常,平常如果工作到很晚想吃拉麵，通常都會去千雲慰勞一整天辛苦的自己，但偶爾~~也想吃吃武藏！麵:其實吃過武藏也有四五次了，不過它們的粗麵始終對不上電波，類型為多加水的硬麵，但配上豚骨魚介的湯汁吸入嘴裡還是稱得上滿足！叉燒:角煮叉燒，不知道是煎過還是烤過，個人不是角煮的愛好者~~但這兩塊口感不是蓋的，肉質不柴先給80分，味道上肉的口感帶有滷過後的甘甜味，當下蠻享受這種感覺~~可能之後也開始漸漸習慣角煮的口感湯頭:標榜用雙醬油，說實在，這樣標榜我也是分不出來哪兩種醬油，但甘醇度絕對無庸置疑，魚介味也是重的不要不要，很爽口真的很好喝~~...
108,店家:暴走中村用餐時間:11/17排隊狀況:莫約十五分鐘,拉麵名稱價格:極濃激雞湯在台灣創業的第一,第一年10間有9間會倒閉，能生存下來的那間，絕非是偶然。暴走中村的味道，從試營運到昨天，不能說有天翻地覆的變化，但可以感受到師傅對自己作品的要求，在不間斷地改良中，留下屬於店家獨特的味道，同時也與其他配菜找到平衡。原本我最喜歡的是泡系鷄白湯，但現在是「極濃激雞湯」。有關於極濃呈現雞湯的手法，最常見的兩種是肉泥感、湯泥感，每個口味都有不同擁護的群眾，而我喜歡的是後者。這碗「極濃激雞湯」成功保留下「湯」的感覺，入喉不會有殘渣感，就像是一隻雞化為千萬碎片，吞下去的那一刻才在味蕾中重生。重生的除了有雞、更有暴走中村獨特的風味，這點就是...
109,店家:麵本初,拉麵名稱價格:限定清酒鮭魚拉麵/260+,"0+一顆糖心蛋(按讚+10)因為開車差點錯過這碗目前心中第一的拉麵，剛好店員在旁邊表示不會酒駕~保留著清酒香氣將鮭魚的甜味完美結合的豐富層次湯底，完全沒有酒精味。在干貝的炙燒外皮下是鮮嫩多汁富含彈性的絕妙口感,超讚(有兩顆!)糖心蛋的酒香十分濃厚，口感也很棒；搭配上蘆筍的解膩及洋蔥的點綴，是平衡感非常優秀的一碗拉麵。唯一缺點只有雞叉燒偏柴。看這湯頭經熬煮所呈現的濃郁程度及顏色跟配料，這碗真的是成本價賣的感覺，超希望能成為定番~算蠻新的拉麵店，限定能有這麼完美的表現真的令人驚豔。隔天排一小時多吃到的蝦蝦沾麵也超讚，但沒排隊的這碗..."
110,店家:豚人,拉麵名稱價格:鹽味豚骨、我記得是230。,"0。Friday,RamenDay.看見招牌的當下，才驚覺早已在三年前，就想一嚐豚人的美味沒想到一個轉眼三年已過，肥宅依舊。親切的女店員，貼心提醒著招牌與限定在肥宅腦海幻想之餘香氣四溢的「鹽味豚骨」已在眼前。濃厚的豚骨風味，卻帶著清爽口感鹽味豚骨就是這麼舒服怕膩的朋友，這個鹽味很可以。麵體沒有秒數選項，但嚼勁偏高叉燒偏薄，腥味不重有辣豆芽可以瘋狂自取，直接80分起跳！餐廳空間微擠，但附近停機車方便吃飽後也有地方好逛重點是風味Hen棒，直接塞進愛店名單！下次想吃看看限定煮干。#我有腎你有拉麵嗎#豚人ラ－メン台灣本店店名五之神製麵..."
111,店家:雞二拉麵,拉麵名稱價格:大雞二蒜味醬油拉麵/249,49雞二拉麵吃好幾次了一直都不敢挑戰大雞二這次終於狠下心來斷食一天半後再去吃傳說中吃一碗抵三個雞腿便當的熱量爆彈盛宴！結果是挑戰成功了，之前斷食餓的痛苦真的都值得平常拉麵裡存在感極強的糖心蛋在這碗巨大量美味裡反而顯得十分不起眼，但一口咬下去依然蛋汁噴液絲毫不馬虎上層滿滿大量的豆芽加上醬汁調味過的大量大蒜本身就是個美味的前菜叉燒彈牙有韌性味道充滿香辛料的香氣，疊上大蒜美味程度更是提高了一個檔次麵是類似烏龍麵的特粗麵，嚼勁彈牙自然也不在話下最後的湯總是大食挑戰中最後的難關，但這雞+豬熬製的美味湯頭實在讓人完全不覺得困難，甘甜和鹹味...
112,店家:丸宗拉麵屋,拉麵名稱直拳對決的雞白湯拉麵（味鹹/麵硬,麵硬5秒）180湯頭濃郁，鹹度普通，應該是醬油基底的關係，稍稍蓋掉了香氣，但不掩美味高湯的事實。麵硬5秒很棒，直到吃完麵都還保持脆彈的口感（雖然我吃很快）雞叉燒ok，豬舒肥對我來說太有咬勁了，所以花了很多力氣在咀嚼那塊豬叉燒。辣油渣不錯，跟湯頭蠻配的。$...
113,店家:烹星☆/,拉麵名稱/價格:乾物清湯拉麵260+烤蕃,烤蕃茄30當時看到烹星用碗公布我真的驚豔心想一定要用6000多塊的碗吃一碗麵看看本人又是清湯派很少遇過這樣的乾物清湯覺得一點都不普通是很飽滿紮實的味道個人覺得超耐喝可以喝兩鍋吧平打麵和湯底也非常搭的確有那麼一點點蕎麥的既視感是很嶄新的體驗覺得湯裡面有薑味很不錯適合冬天暖身子可惜的是這幾天我腸胃炎胃口很不穩定今天居然剩下一口梅花叉燒很對不起煮麵師傅湯也沒喝到見底無法好好欣賞賞美堂貴死人的春秋紋碗下次一定雪恥喝爆這一碗真的很棒$...
114,店家:滝禾製麵所花蓮洄瀾店,拉麵名稱價格:後韻麻辣拉麵:配置(細麵1,麵10秒+肋眼叉燒)180吹雪二郎系:配置無法調整250內文開始:剛開始知道這家的時候，就想趕快利用回家的短短半天時間去，到場的時候發現沒有排太多的人，可能是剛開始營業不久，離場的時候外面排了約十組客人左右，各年齡層都有，有點嚇到當我跟老闆講我的麵要十秒的時候，老闆好像沒聽過有人這樣講，有點驚訝的說確定十秒？我很堅定說確定要十秒就好，老闆才吩咐下去😂出餐速度正常，約十分鐘能出一碗麵。麵剛上來的時候發現他們好像沒什麼在擺麵，有點亂亂的，不過沒關係，吃麵就是吃他的靈魂，好吃最重要。我吃的這碗後韻麻辣拉麵，有種讓我感覺吃到鬼金棒的感...
115,店家:不二家拉麵居酒屋,拉麵名稱醬油叉燒拉麵180/豚骨叉燒拉麵,拉麵180/日式炸豆腐110簡單樸實的味道，不論是豚骨或是醬油都非常好入口，搭配萵苣、海帶芽等配菜，很清爽的搭配，不過以現在主流的口味來說，大概會被嫌棄是台拉吧…跟老闆說要麵硬不過是還好，但保有一定的Q度就是了，只是泡久會比較軟。蛋是滷蛋，叉燒偏柴但是滷得夠透所以小朋友也都能順利吞下。老闆、老闆娘好聊，還送了一盒巧克力給小孩XD商売繁盛。昨天提到東京風的醬油拉麵，晚上在整理以前去日本的相片時，看到第一次去東京吃的第一碗拉麵，所以分享給大家看一下。(地點是靠著Google地圖不斷確認才找到店名的)#浅草ら麺亭RamenteiAs...
116,店家:有囍拉麵,拉麵名稱蕈菇松露雞白湯300原本預計要去,要去吃山下的新定番上課到一半看到有限定就改變計畫了一上桌撲鼻而來的是松露和各種蕈類的香氣第一口先喝原湯有蘑菇雞湯的感覺雞白湯為主體搭配蕈菇的味道之後拌入蘑菇與松露醬菇類的香氣與味道瞬間變得鮮明雞白湯的奶香味也變得明顯有點像西餐濃湯的風味湯汁的香氣也吸附在麵條上溏心蛋蛋黃呈現完美的膏狀搭配湯汁非常的好吃舒肥雞肉是一如往常的高品質滷製豬肉口感紮實而我最滿意的是超大片炙烤豬五花軟嫩且碳香味十足肥瘦比例剛好不會顯得油膩厚度吃起來也非常爽快松露果然是很強的食材呢整碗麵從頭到尾都瀰漫著香氣味道也平衡的很好雞白湯或蕈菇不會太過搶戲然後人真的...
117,店家:樂趣Lovecheers,拉麵名稱價格:濃厚雞白湯拉麵雞腿捲230,30NT店家最近推出的新品項，之前不是拉麵店，賣的是簡餐，休息了一年賣起日式刨冰，跑來試試。湯頭算是濃郁，但個人認為鹹度可以再鹹一點。配上店家特製的洋蔥蒜頭油層次豐富許多。麵裡頭有加了檸檬片，吃到後面將檸檬或進湯裡，湯頭變得清爽而不膩。較特別的是肉，店家使用雞腿捲，外皮酥脆，肉質很嫩，個人十分喜歡。另外也有推出松阪豬及海老兩種選擇。（松阪豬嘗試過還不錯，比起雞腿捲整體吃起來更清爽）麵體偏軟但帶Q勁，喜歡偏硬感麵條的人可能不會很滿意（？）另外，溏心蛋好吃！鷹流東京醬油拉麵蘭丸中山店吃了幾十次了，但是延吉店倒是第一次嘗試。一樣的清...
118,店家:升龍軒,拉麵名稱鹽味雞湯拉麵（梅醬添加）160/,0/加蔥10/溏心蛋20/酥炸餃子50鹹味不重，頗清淡，雞肉、油的香氣稍微少了些，如果能再更加強點會更棒。正因為香氣較淡，所以梅醬我搭配雞肉吃掉了，和到湯裡肉湯的香氣就更難突顯而會只剩單純的酸味。雖然點麵硬但還是偏軟，吃麵的速度要加快些。雞肉叉燒看似舒肥但肌肉纖維還頗明顯。其他配料就中規中矩。酥炸餃子很棒，皮炸得恰到好處，內餡滿滿的細絞肉再配上雞軟骨，一口咬下除了香氣還有多種的口感，搭配上流出的肉湯，是有別於日式煎餃的另外一種美味享受。其實今天用餐的時候，店家似乎跟熟客在吧台聊天（升龍軒的店面有分兩個區塊，我離吧台頗遠…），我...
119,店家:烹星,拉麵名稱乾物濃湯餛飩沾麵抱歉了,歉了柏鈞，我真的想吃那碗酷東西老葛自從2017沒在鬼金棒總店推出煮干沾麵之後一直到去年去了趟東京吃到富田拉麵的沾麵才依稀找回當初老葛煮干沾麵的感動久違的沾麵真的吃起來很舒服湯的鹹度、鹹味、香氣都有很棒的平衡在一開始菜絲上的柚片放入沾湯吃一口真的很有富田沾麵的感覺但整體的口味深度更豐富湯割之後的味道也很令人著迷甚至可以再放原本勝王/烹星所使用的細麵一定也很好吃感謝老葛2020做這碗，解了不能出國吃麵的膩#感謝招待#對不起了柏鈞$...
120,店家:菜良（台南）用餐時間:11/0819:42排隊狀況:無（閉店前最後一位客人）,拉麵名稱價格:南高梅拉麵因為老家走到菜良,菜良只要三分鐘，這幾年來已經去過菜良許多次，習慣在剛開店前往或是閉店前半小時到，所以從來沒排過隊過年後看到菜良因為千千報導而大排長龍的消息，剛好也因為疫情這半年多沒回台南，這次回去連著兩天經過發現人潮大幅減少，於是某天很晚才餓的時候就走到菜良啦，果真不用排隊，店內只有一組家庭客人已經快吃完了個人是細麵派的，菜良的麵體一來不是我的菜二來份量真的不少，說實話即使每次都要求減少麵量我還是從來沒吃完過，但大量的蔬菜跟叉燒還是滿喜歡，南高梅拉麵是我吃最多次的，南高梅頗有解膩效果！當天把我的麵端上桌後，工作人員就全部在旁邊吃晚餐了🤣$...
121,店家:白露（近台南延平郡王祠）用餐時間:11/0711:30排隊狀況:第五位入場,拉麵名稱價格:薩索雞清湯醬油拉麵200加,0加點雞叉燒一份50純女性經營的拉麵店似乎極少，我去過的只有山茶，白露是第二家。店面裝潢風格跟店內整潔乾淨的程度很有女生的細膩感，白露是我去過最乾淨舒適的拉麵店，不論是用餐檯面或是烹調區一絲油膩感都沒有！這碗清雞湯醬油對食量不大的我是可以輕鬆解決吃完沒有負擔，湯頭清爽甘甜雞叉燒很軟嫩，紫洋蔥末跟檸檬皮有發揮讓湯頭解膩的作用（雖然它其實很清爽😆）（要說缺點的話就是我個人覺得水蓮沒有很搭）久違的回到家鄉吃到心儀的麵店，完美！$...
122,店家:美濃屋,拉麵名稱價格:喜多方醬油叉燒拉麵230初,0初次造訪，來這之前有先做一些功課，由於今天來老闆娘跟我說餃子賣完還有再做，可以更確定的是這間的麵條跟餃子皮都是自家製，而且店裡只有老闆娘一個人，真的不簡單！這種叉燒在台灣並不常見，但在日本應該就很常見，瘦肉的部分看似柴的，但口感拿捏的剛剛好！不會有那種困擾，在把叉燒浸入湯裡口感會更好，但就是有一股不太好聞的味道，有麵友可以幫我解答這股味道的來源來自哪裡嗎？謝謝麵體是黃色那種扁平的麵條，不是那種低加水的硬麵，不得不說這麵還真是好吃耶！一樣跟其他家的麵條相比，同樣有Q彈的口感，但吃起來感覺就是不一樣，很家鄉的口感~~應該就是日本...
123,店家:烹星,拉麵名稱乾物清湯餛飩麵300叉,0叉燒30*2烤蕃茄30炊飯30潛水已久的首po#勝王#二毛作営業#烹星#干物#賞美堂麺鉢（傳說中的要價七仟？）#乾物清湯餛飩麵#叉燒加倍#烤蕃茄扁魚柴魚跟乾香菇（？）味好明顯，加醬油的清湯底超級回甘老闆說的沒錯:「與其說是拉麵，倒比較像蕎麥麵。」沒想到勝王的清淡口味也很不錯。好吃好吃#おいしい#うまい#ごちそうさまでした期待再進化…有一點想念勝王搬家前有一陣子的麵是加蕎麥的應該會更香？或印象中有一陣子是加蒟蒻的比較Q好像也很有趣…這次的麵有點被湯頭比下去啦~還有就是可惜口味就不適合再配#指月亭辣醬了，但還好有炊飯可以加辣...
124,店家:道樂拉麵大北店,拉麵名稱蛤蜊雞白湯拉麵之前同學,同學po給我看時就蠻想嘗試了，本來查網路寫說蛤蜊雞白湯是二五限定，以為今天吃不到了，但去的時候看起來是已經變每日都有？整碗味道均衡，我挑不出明顯的缺點，雞白湯味道濃厚，佐以洋蔥，不時又有蛤蜊的鮮甜，喝起來很舒服，舒肥雞嫩度洽到好處，蛤蜊我本來以為會因為熬湯而乾癟沒味道，但其實仍算飽滿鮮甜，唯一沒有什麼特點的可能就是細麵吧，但就是正常的細麵而已，並不是缺點。之前也很喜歡sobashinn的蛤蜊柑橘雞白湯，相比之下確實sobashinn的層次更豐富，但這家給我的感覺也很好，以整體性來說或許道樂更勝一籌☆烹星☆11月6日☆乾物雞湯拉...
125,店家:烹星,拉麵名稱乾物清湯特級叉燒餛飩拉麵2020,20最強的清湯！融合了多種乾物的鮮味跟醇香口感湯頭本身幾乎沒有油脂（湯上的油都來自叉燒肉類的油）雖然是清湯但入口的香濃感受真的是濃湯無法呈現的寬扁麵很扒湯讓每一口都很順口😍加麵之後的細麵又帶出另一種不太一樣的風味湯頭喝到後來其實有一點像是中式煲湯的感覺聽老葛介紹是說好像會因為加熱變成這樣不過這湯頭真的可遇不可求以前勝王二毛作時期也不常出現在下班後來這碗真的是身心靈都放鬆了😌#這一個碗要7000多台幣啊#感謝招待$...
126,店家:豚人拉麵復興店京都一乗寺豚人ラーメン,拉麵名稱價格:煮干豚骨拉麵270完食感受,感受:在威士忌整夜薰陶下，帶著一堆酒鬼進入豚人的拉麵道！於是店家馬上推薦了我「煮干豚骨拉麵」，當然吃啊，哪次不吃，哈哈哈。這碗麵一上桌，整個濃郁的香氣撲鼻，第一口湯就把酒氣逼散啦！特製的麵，軟硬算恰當，每一口都可以混著濃郁的魚干香～而我在最後還是加了一口細麵入碗，作為今晚醒酒的完美ending!!魚干味當然見仁見智，但是豚人的這碗，我相信大多數人都可以接受才對～拉麵魂Btw這碗麵有一個超級超級印象深刻的魚板，滿分的記憶點啊～～～剛才在社團裡看到新竹「丸雞一番」收店的訊息，隨即看到高雄「沐瀧家拉麵」復出的消息，覺得很開心趕快分享...
127,店家:海貓亭うみねこ亭,拉麵名稱濃醇雞白湯拉麵(麵硬)190雖然,雖然是雞白湯，但是湯頭頗清爽的，肉油香氣ok，不是走濃稠路線的，正因為這樣的湯頭，讓紫洋蔥更能發揮，稍稍咬下洋蔥轉味感覺更加清爽。麵硬是比較彈脆的口感，跟舒肥雞胸的口感頗相近的。豬肉叉燒比較硬一點，溏心蛋有點過熟，可惜。個人覺得不好停車……寫在前麵當店家沒有採登記制而是排隊制而且有明文規定時，我會尊守規定，但不是每個人都會。今天晚上來師大夜市附近吃麵。家人早我一點到先排，我到的時候後面有2女，我把家人叫到最後排最後面。家人:後面只有兩個女生（分別的）我:店家規定不能解壓縮，就要守規矩家人:剛才前面也有人到旁邊走走又回來我:不要...
128,店家:鶏そば本舗 梓山azusayama:區　　域:雙城街夜市用餐時間:10/30(五)18:20排隊狀況:店內坐滿，外面排第一個，大約十分鐘後入座。,拉麵名稱玉米雞濃湯加Lemon,on280會吃到這碗梓山的限定拉麵其實是個意外。原本是打算去雙城街的另一間拉麵店吃它的限量拉麵的，不過到的時間太晚，店內早就坐滿的人，店外也有十幾個人在排隊。看到這樣的狀況想說就順路到附近的梓山看看，結果發現梓山也有限定拉麵，而且需要等的時間相對少很多，所以就來試試這碗玉米雞濃湯。梓山這間店在試賣期我就來吃過，那時店內只有賣清湯的版本。後來雖然有多次想來嘗嘗它的濃湯版，不過因為它開店的時間是晚上六點，通常來的時候都有不少人在排隊，所以濃湯版的一直沒有吃到。這次居然意外的讓我吃到這個限定的玉米雞濃湯，所以忍不住來寫個食記記錄一下...
